run,prefix,date,scene_id,sun_zenith,sun_azimuth,view_zenith,view_azimuth,glint_angle,box_water_share,offshore_b11
"Aruba, R125",aruba,2025-01-09,S2A_MSIL2A_20250109T151721_R125_T19PCP_20250109T183248,40.72,148.0,4.18,267.9,38.77,0.999,0.0124
"Aruba, R125",aruba,2025-01-14,S2B_MSIL2A_20250114T151719_R125_T19PCP_20250114T203611,40.28,146.7,4.28,266.7,38.3,0.0,
"Aruba, R125",aruba,2025-01-19,S2A_MSIL2A_20250119T151921_R125_T19PCP_20250119T184149,39.7,145.3,4.29,268.3,37.51,1.0,0.0167
"Aruba, R125",aruba,2025-01-24,S2B_MSIL2A_20250124T151719_R125_T19PCP_20250124T203641,38.97,143.8,4.35,267.0,36.74,1.0,0.0283
"Aruba, R125",aruba,2025-01-29,S2C_MSIL2A_20250129T151751_R125_T19PCP_20250129T183712,38.03,142.4,4.32,268.7,35.62,0.319,0.0409
"Aruba, R125",aruba,2025-02-03,S2B_MSIL2A_20250203T151719_R125_T19PCP_20250203T201438,37.1,140.6,4.34,266.9,34.67,0.825,0.0276
"Aruba, R125",aruba,2025-02-08,S2C_MSIL2A_20250208T151751_R125_T19PCP_20250208T183211,35.92,138.9,4.31,268.7,33.3,0.01,0.0274
"Aruba, R125",aruba,2025-02-13,S2B_MSIL2A_20250213T151729_R125_T19PCP_20250213T185507,34.76,136.8,4.4,267.2,32.07,0.959,0.0324
"Aruba, R125",aruba,2025-02-18,S2C_MSIL2A_20250218T151741_R125_T19PCP_20250218T182555,33.41,134.9,4.21,268.3,30.65,1.0,0.0356
"Aruba, R125",aruba,2025-02-23,S2B_MSIL2A_20250223T151729_R125_T19PCP_20250223T195929,32.1,132.6,4.41,267.2,29.15,0.815,0.0366
"Aruba, R125",aruba,2025-02-28,S2C_MSIL2A_20250228T151741_R125_T19PCP_20250228T203454,30.62,130.3,4.3,268.6,27.55,0.062,0.0605
"Aruba, R125",aruba,2025-03-05,S2B_MSIL2A_20250305T151719_R125_T19PCP_20250305T200012,29.25,127.6,4.41,267.2,26.04,0.06,0.0411
"Aruba, R125",aruba,2025-03-10,S2C_MSIL2A_20250310T151741_R125_T19PCP_20250310T202013,27.75,124.8,4.28,268.6,24.42,1.0,0.0507
"Aruba, R125",aruba,2025-03-15,S2B_MSIL2A_20250315T151719_R125_T19PCP_20250315T204343,26.41,121.6,4.38,267.1,22.92,0.0,
"Aruba, R125",aruba,2025-03-20,S2C_MSIL2A_20250320T151741_R125_T19PCP_20250320T195417,24.97,118.3,4.33,268.8,21.3,0.0,
"Aruba, R125",aruba,2025-03-22,S2A_MSIL2A_20250322T151931_R125_T19PCP_20250322T180401,24.49,116.8,4.24,268.2,20.86,0.203,0.0657
"Aruba, R125",aruba,2025-03-25,S2B_MSIL2A_20250325T151719_R125_T19PCP_20250325T203734,23.76,114.5,4.39,267.1,19.96,1.0,0.0642
"Aruba, R125",aruba,2025-03-30,S2C_MSIL2A_20250330T151741_R125_T19PCP_20250330T213915,22.51,110.5,4.32,268.7,18.57,1.0,0.0757
"Aruba, R125",aruba,2025-04-01,S2A_MSIL2A_20250401T151731_R125_T19PCP_20250402T012413,22.12,108.7,4.26,268.2,18.19,1.0,0.0679
"Aruba, R125",aruba,2025-04-04,S2B_MSIL2A_20250404T151719_R125_T19PCP_20250404T201322,21.55,106.0,4.28,266.7,17.57,0.0,
"Aruba, R125",aruba,2025-04-09,S2C_MSIL2A_20250409T151741_R125_T19PCP_20250409T213915,20.58,101.4,4.34,268.8,16.36,1.0,0.0822
"Aruba, R125",aruba,2025-04-11,S2A_MSIL2A_20250411T151931_R125_T19PCP_20250412T010816,20.31,99.4,4.38,268.7,16.02,0.056,0.0891
"Aruba, R125",aruba,2025-04-14,S2B_MSIL2A_20250414T151719_R125_T19PCP_20250414T200650,19.94,96.4,4.41,267.2,15.61,1.0,0.0789
"Aruba, R125",aruba,2025-04-19,S2C_MSIL2A_20250419T151741_R125_T19PCP_20250419T193714,19.35,91.3,4.32,268.7,15.04,0.901,0.0857
"Aruba, R125",aruba,2025-04-21,S2A_MSIL2A_20250421T151731_R125_T19PCP_20250422T010913,19.23,89.3,4.4,268.7,14.83,0.0,
"Aruba, R125",aruba,2025-04-24,S2B_MSIL2A_20250424T151719_R125_T19PCP_20250424T184851,19.11,86.3,4.34,267.0,14.76,0.092,0.0873
"Aruba, R125",aruba,2025-04-29,S2C_MSIL2A_20250429T151741_R125_T19PCP_20250429T194807,18.88,81.4,4.38,268.9,14.55,0.969,0.0975
"Aruba, R125",aruba,2025-05-01,S2A_MSIL2A_20250501T151931_R125_T19PCP_20250502T010512,18.91,79.5,4.37,268.7,14.6,0.003,
"Aruba, R125",aruba,2025-05-04,S2B_MSIL2A_20250504T151719_R125_T19PCP_20250504T185108,18.99,76.8,4.42,267.3,14.66,0.97,0.0934
"Aruba, R125",aruba,2025-05-09,S2C_MSIL2A_20250509T151741_R125_T19PCP_20250509T200522,19.1,72.6,4.32,268.7,14.99,1.0,0.0916
"Aruba, R125",aruba,2025-05-11,S2A_MSIL2A_20250511T151731_R125_T19PCP_20250511T215013,19.22,71.0,4.32,268.4,15.15,1.0,0.0717
"Aruba, R125",aruba,2025-05-14,S2B_MSIL2A_20250514T151719_R125_T19PCP_20250514T203740,19.46,68.9,4.4,267.2,15.34,0.0,
"Aruba, R125",aruba,2025-05-19,S2C_MSIL2A_20250519T151741_R125_T19PCP_20250519T220413,19.76,65.7,4.28,268.6,15.9,0.0,
"Aruba, R125",aruba,2025-05-21,S2A_MSIL2A_20250521T151941_R125_T19PCP_20250521T195912,19.93,64.6,4.4,268.7,16.01,0.997,0.0719
"Aruba, R125",aruba,2025-05-24,S2B_MSIL2A_20250524T151719_R125_T19PCP_20250524T200947,20.24,63.2,4.4,267.1,16.32,0.996,0.0674
"Aruba, R125",aruba,2025-05-29,S2C_MSIL2A_20250529T151741_R125_T19PCP_20250529T195612,20.61,61.0,4.35,268.8,16.89,0.0,
"Aruba, R125",aruba,2025-06-03,S2B_MSIL2A_20250603T151719_R125_T19PCP_20250603T185028,21.12,59.6,4.34,266.9,17.37,1.0,0.0742
"Aruba, R125",aruba,2025-06-08,S2C_MSIL2A_20250608T151741_R125_T19PCP_20250608T200214,21.46,58.5,4.34,268.8,17.84,1.0,0.0784
"Aruba, R125",aruba,2025-06-10,S2A_MSIL2A_20250610T151931_R125_T19PCP_20250610T193814,21.62,58.2,4.33,268.5,18.01,0.0,
"Aruba, R125",aruba,2025-06-13,S2B_MSIL2A_20250613T151719_R125_T19PCP_20250613T202947,21.89,58.0,4.24,266.5,18.27,0.0,
"Aruba, R125",aruba,2025-06-18,S2C_MSIL2A_20250618T151741_R125_T19PCP_20250618T214116,22.12,57.8,4.25,268.4,18.58,0.479,0.0713
"Aruba, R125",aruba,2025-06-20,S2A_MSIL2A_20250620T151731_R125_T19PCP_20250620T195715,22.23,57.9,4.24,268.1,18.68,0.0,
"Aruba, R125",aruba,2025-06-23,S2B_MSIL2A_20250623T151719_R125_T19PCP_20250623T200321,22.4,58.2,4.33,266.9,18.72,0.016,0.0521
"Aruba, R125",aruba,2025-06-28,S2C_MSIL2A_20250628T151741_R125_T19PCP_20250628T200018,22.48,58.8,4.34,268.8,18.84,0.0,
"Aruba, R125",aruba,2025-06-30,S2A_MSIL2A_20250630T151941_R125_T19PCP_20250630T200604,22.53,59.2,4.35,268.5,18.85,0.0,
"Aruba, R125",aruba,2025-07-03,S2B_MSIL2A_20250703T151719_R125_T19PCP_20250703T185527,22.6,59.9,4.37,267.1,18.81,0.958,0.0738
"Aruba, R125",aruba,2025-07-08,S2C_MSIL2A_20250708T151741_R125_T19PCP_20250708T195713,22.51,61.2,4.4,269.0,18.73,1.0,0.0652
"Aruba, R125",aruba,2025-07-10,S2A_MSIL2A_20250710T151741_R125_T19PCP_20250710T194514,22.49,61.9,4.41,268.8,18.67,1.0,0.0653
"Aruba, R125",aruba,2025-07-13,S2B_MSIL2A_20250713T151729_R125_T19PCP_20250713T200906,22.48,63.1,4.37,267.1,18.57,1.0,0.0708
"Aruba, R125",aruba,2025-07-18,S2C_MSIL2A_20250718T151741_R125_T19PCP_20250718T195413,22.23,65.1,4.4,269.0,18.29,1.0,0.0698
"Aruba, R125",aruba,2025-07-20,S2A_MSIL2A_20250720T151941_R125_T19PCP_20250720T195315,22.16,66.1,4.41,268.8,18.17,0.091,0.0796
"Aruba, R125",aruba,2025-07-23,S2B_MSIL2A_20250723T151719_R125_T19PCP_20250723T201006,22.08,67.7,4.32,266.8,18.04,0.0,
"Aruba, R125",aruba,2025-07-28,S2C_MSIL2A_20250728T151741_R125_T19PCP_20250728T195013,21.72,70.5,4.36,268.8,17.63,0.182,0.0709
"Aruba, R125",aruba,2025-07-30,S2A_MSIL2A_20250730T151741_R125_T19PCP_20250731T105914,21.61,71.8,4.36,268.6,17.48,0.998,0.0791
"Aruba, R125",aruba,2025-08-02,S2B_MSIL2A_20250802T151719_R125_T19PCP_20250802T185724,21.48,73.8,4.26,266.6,17.36,0.808,0.0766
"Aruba, R125",aruba,2025-08-07,S2C_MSIL2A_20250807T151741_R125_T19PCP_20250807T203113,21.08,77.5,4.26,268.5,16.91,1.0,0.0837
"Aruba, R125",aruba,2025-08-09,S2A_MSIL2A_20250809T151931_R125_T19PCP_20250809T194313,20.97,79.0,4.25,268.1,16.78,1.0,0.074
"Aruba, R125",aruba,2025-08-12,S2B_MSIL2A_20250812T151719_R125_T19PCP_20250812T202823,20.83,81.5,4.33,266.9,16.52,1.0,0.0818
"Aruba, R125",aruba,2025-08-17,S2C_MSIL2A_20250817T151741_R125_T19PCP_20250817T211612,20.48,85.9,4.32,268.7,16.16,0.0,
"Aruba, R125",aruba,2025-08-19,S2A_MSIL2A_20250819T151731_R125_T19PCP_20250819T215414,20.41,87.8,4.25,268.1,16.16,0.0,
"Aruba, R125",aruba,2025-08-22,S2B_MSIL2A_20250822T151719_R125_T19PCP_20250822T184424,20.34,90.7,4.35,267.0,16.0,0.987,0.0912
"Aruba, R125",aruba,2025-08-27,S2C_MSIL2A_20250827T151741_R125_T19PCP_20250827T194312,20.16,95.8,4.34,268.8,15.86,0.0,
"Aruba, R125",aruba,2025-08-29,S2A_MSIL2A_20250829T151931_R125_T19PCP_20250829T200822,20.16,97.9,4.31,268.3,15.93,1.0,0.0852
"Bonaire, R082",bonaire,2025-01-01,S2B_MSIL2A_20250101T150719_R082_T19PEP_20250101T184446,41.03,148.7,1.87,71.4,41.47,0.926,0.0117
"Bonaire, R082",bonaire,2025-01-06,S2A_MSIL2A_20250106T150721_R082_T19PEP_20250106T181449,40.89,147.5,1.98,69.5,41.34,1.0,0.0185
"Bonaire, R082",bonaire,2025-01-11,S2B_MSIL2A_20250111T150719_R082_T19PEP_20250111T183922,40.57,146.3,1.89,71.8,41.11,1.0,0.0115
"Bonaire, R082",bonaire,2025-01-16,S2A_MSIL2A_20250116T150721_R082_T19PEP_20250116T180950,40.1,145.0,1.95,68.9,40.61,0.976,0.0065
"Bonaire, R082",bonaire,2025-01-21,S2B_MSIL2A_20250121T150719_R082_T19PEP_20250121T203217,39.48,143.6,1.86,71.3,40.08,0.959,0.0215
"Bonaire, R082",bonaire,2025-01-26,S2C_MSIL2A_20250126T150751_R082_T19PEP_20250126T181511,38.64,142.1,1.89,67.2,39.17,0.976,0.0193
"Bonaire, R082",bonaire,2025-01-31,S2B_MSIL2A_20250131T150729_R082_T19PEP_20250131T203125,37.81,140.4,1.83,70.9,38.48,0.919,0.0283
"Bonaire, R082",bonaire,2025-02-05,S2C_MSIL2A_20250205T150751_R082_T19PEP_20250205T181611,36.72,138.7,1.9,67.5,37.37,1.0,0.0203
"Bonaire, R082",bonaire,2025-02-15,S2C_MSIL2A_20250215T150741_R082_T19PEP_20250215T183054,34.37,134.8,1.96,68.7,35.21,1.0,0.0386
"Bonaire, R082",bonaire,2025-02-20,S2B_MSIL2A_20250220T150729_R082_T19PEP_20250220T184649,33.13,132.5,1.78,69.6,33.97,1.0,0.0298
"Bonaire, R082",bonaire,2025-02-25,S2C_MSIL2A_20250225T150741_R082_T19PEP_20250225T181412,31.72,130.3,1.95,68.5,32.68,0.965,0.0374
"Bonaire, R082",bonaire,2025-03-02,S2B_MSIL2A_20250302T150729_R082_T19PEP_20250302T183833,30.4,127.6,1.8,70.1,31.4,1.0,0.0349
"Bonaire, R082",bonaire,2025-03-07,S2C_MSIL2A_20250307T150751_R082_T19PEP_20250307T202213,28.93,125.0,1.93,68.0,30.02,0.981,0.0367
"Bonaire, R082",bonaire,2025-03-12,S2B_MSIL2A_20250312T150719_R082_T19PEP_20250312T202222,27.61,121.9,1.81,70.3,28.77,1.0,0.0408
"Bonaire, R082",bonaire,2025-03-17,S2C_MSIL2A_20250317T150741_R082_T19PEP_20250317T193358,26.18,118.7,1.9,67.5,27.41,1.0,0.0413
"Bonaire, R082",bonaire,2025-03-19,S2A_MSIL2A_20250319T150931_R082_T19PEP_20250319T202213,25.7,117.3,1.94,68.8,27.02,0.6,0.0761
"Bonaire, R082",bonaire,2025-03-22,S2B_MSIL2A_20250322T150729_R082_T19PEP_20250322T203640,24.97,115.1,1.79,70.0,26.26,0.0,
"Bonaire, R082",bonaire,2025-03-27,S2C_MSIL2A_20250327T150741_R082_T19PEP_20250327T215859,23.7,111.2,1.95,68.3,25.16,1.0,0.0596
"Bonaire, R082",bonaire,2025-03-29,S2A_MSIL2A_20250329T150731_R082_T19PEP_20250330T005118,23.3,109.5,2.02,70.3,24.9,0.0,
"Bonaire, R082",bonaire,2025-04-01,S2B_MSIL2A_20250401T150719_R082_T19PEP_20250401T184131,22.71,107.0,1.9,72.0,24.29,0.671,0.0656
"Bonaire, R082",bonaire,2025-04-06,S2C_MSIL2A_20250406T150741_R082_T19PEP_20250406T215123,21.68,102.5,1.88,66.9,23.23,0.003,
"Bonaire, R082",bonaire,2025-04-08,S2A_MSIL2A_20250408T150931_R082_T19PEP_20250409T011158,21.39,100.6,1.87,67.3,22.97,0.0,
"Bonaire, R082",bonaire,2025-04-11,S2B_MSIL2A_20250411T150729_R082_T19PEP_20250411T183629,20.99,97.7,1.8,70.2,22.6,0.548,0.0651
"Bonaire, R082",bonaire,2025-04-16,S2C_MSIL2A_20250416T150741_R082_T19PEP_20250416T211512,20.33,92.9,1.95,68.3,22.11,0.371,0.0743
"Bonaire, R082",bonaire,2025-04-21,S2B_MSIL2A_20250421T150719_R082_T19PEP_20250421T184038,20.0,87.9,1.82,70.5,21.74,1.0,0.0573
"Bonaire, R082",bonaire,2025-04-26,S2C_MSIL2A_20250426T150741_R082_T19PEP_20250426T211715,19.7,83.1,1.86,66.6,21.49,0.0,
"Bonaire, R082",bonaire,2025-04-28,S2A_MSIL2A_20250428T150941_R082_T19PEP_20250429T001013,19.7,81.2,1.84,66.7,21.48,0.0,
"Bonaire, R082",bonaire,2025-05-01,S2B_MSIL2A_20250501T150719_R082_T19PEP_20250501T183953,19.74,78.5,1.78,69.9,21.51,0.0,
"Bonaire, R082",bonaire,2025-05-06,S2C_MSIL2A_20250506T150741_R082_T19PEP_20250506T201416,19.78,74.2,1.89,67.1,21.65,0.986,0.0886
"Bonaire, R082",bonaire,2025-05-08,S2A_MSIL2A_20250508T150731_R082_T19PEP_20250508T214213,19.89,72.6,1.94,68.8,21.83,0.527,0.0676
"Bonaire, R082",bonaire,2025-05-11,S2B_MSIL2A_20250511T150719_R082_T19PEP_20250511T184208,20.09,70.4,1.79,69.8,21.88,1.0,0.0597
"Bonaire, R082",bonaire,2025-05-16,S2C_MSIL2A_20250516T150741_R082_T19PEP_20250516T201412,20.37,67.0,1.97,68.9,22.34,1.0,0.0642
"Bonaire, R082",bonaire,2025-05-18,S2A_MSIL2A_20250518T150941_R082_T19PEP_20250518T192803,20.52,65.8,1.85,66.9,22.37,0.0,
"Bonaire, R082",bonaire,2025-05-21,S2B_MSIL2A_20250521T150719_R082_T19PEP_20250521T184503,20.82,64.2,1.8,70.2,22.61,0.765,0.0654
"Bonaire, R082",bonaire,2025-05-26,S2C_MSIL2A_20250526T150741_R082_T19PEP_20250526T214319,21.19,61.9,1.9,67.3,23.08,1.0,0.0623
"Bonaire, R082",bonaire,2025-05-28,S2A_MSIL2A_20250528T150741_R082_T19PEP_20250528T214014,21.38,61.1,1.82,66.3,23.19,0.0,
"Bonaire, R082",bonaire,2025-05-31,S2B_MSIL2A_20250531T150719_R082_T19PEP_20250531T183226,21.7,60.2,1.83,70.6,23.5,0.0,
"Bonaire, R082",bonaire,2025-06-05,S2C_MSIL2A_20250605T150741_R082_T19PEP_20250605T193611,22.06,58.8,1.89,67.2,23.93,0.959,0.0531
"Bonaire, R082",bonaire,2025-06-07,S2A_MSIL2A_20250607T150941_R082_T19PEP_20250607T213812,22.24,58.5,1.87,67.3,24.08,1.0,0.0501
"Bonaire, R082",bonaire,2025-06-10,S2B_MSIL2A_20250610T150719_R082_T19PEP_20250610T184805,22.52,58.1,1.93,72.4,24.39,0.0,
"Bonaire, R082",bonaire,2025-06-15,S2C_MSIL2A_20250615T150741_R082_T19PEP_20250615T201416,22.79,57.7,1.94,68.2,24.7,0.0,
"Bonaire, R082",bonaire,2025-06-17,S2A_MSIL2A_20250617T150731_R082_T19PEP_20250617T215516,22.92,57.7,1.98,69.5,24.87,1.0,0.0483
"Bonaire, R082",bonaire,2025-06-20,S2B_MSIL2A_20250620T150719_R082_T19PEP_20250620T202614,23.12,57.8,1.87,71.6,24.94,0.977,0.0478
"Bonaire, R082",bonaire,2025-06-25,S2C_MSIL2A_20250625T150741_R082_T19PEP_20250625T194815,23.25,58.1,1.92,67.7,25.14,0.0,
"Bonaire, R082",bonaire,2025-06-27,S2A_MSIL2A_20250627T150941_R082_T19PEP_20250627T194017,23.32,58.4,1.9,68.0,25.19,0.469,0.0635
"Bonaire, R082",bonaire,2025-06-30,S2B_MSIL2A_20250630T150729_R082_T19PEP_20250630T184300,23.42,59.0,1.83,70.7,25.22,0.005,0.0477
"Bonaire, R082",bonaire,2025-07-05,S2C_MSIL2A_20250705T150741_R082_T19PEP_20250705T194315,23.38,60.1,1.86,66.5,25.23,1.0,0.0421
"Bonaire, R082",bonaire,2025-07-07,S2A_MSIL2A_20250707T150741_R082_T19PEP_20250707T211724,23.38,60.7,1.84,66.7,25.21,0.634,0.0435
"Bonaire, R082",bonaire,2025-07-10,S2B_MSIL2A_20250710T150729_R082_T19PEP_20250710T184513,23.39,61.7,1.82,70.5,25.19,1.0,0.049
"Bonaire, R082",bonaire,2025-07-15,S2C_MSIL2A_20250715T150741_R082_T19PEP_20250715T193512,23.19,63.4,1.84,66.1,25.02,0.996,0.0531
"Bonaire, R082",bonaire,2025-07-17,S2A_MSIL2A_20250717T150941_R082_T19PEP_20250717T193255,23.13,64.3,1.82,66.4,24.95,1.0,0.0503
"Bonaire, R082",bonaire,2025-07-20,S2B_MSIL2A_20250720T150729_R082_T19PEP_20250720T183906,23.06,65.7,1.85,71.1,24.9,0.0,
"Bonaire, R082",bonaire,2025-07-25,S2C_MSIL2A_20250725T150741_R082_T19PEP_20250725T193912,22.72,68.2,1.86,66.5,24.58,0.004,
"Bonaire, R082",bonaire,2025-07-27,S2A_MSIL2A_20250727T150741_R082_T19PEP_20250727T213720,22.62,69.3,1.85,67.0,24.47,0.99,0.044
"Bonaire, R082",bonaire,2025-07-30,S2B_MSIL2A_20250730T150719_R082_T19PEP_20250730T185847,22.5,71.2,1.94,72.7,24.43,1.0,0.0491
"Bonaire, R082",bonaire,2025-08-04,S2C_MSIL2A_20250804T150741_R082_T19PEP_20250804T195015,22.08,74.4,1.93,68.0,24.0,1.0,0.0577
"Bonaire, R082",bonaire,2025-08-06,S2A_MSIL2A_20250806T150941_R082_T19PEP_20250806T194007,21.96,75.9,1.93,68.5,23.88,1.0,0.0526
"Bonaire, R082",bonaire,2025-08-09,S2B_MSIL2A_20250809T150719_R082_T19PEP_20250809T184923,21.8,78.1,1.88,71.6,23.67,1.0,0.0567
"Bonaire, R082",bonaire,2025-08-14,S2C_MSIL2A_20250814T150741_R082_T19PEP_20250814T194512,21.41,82.1,1.93,67.9,23.28,0.99,0.053
"Bonaire, R082",bonaire,2025-08-16,S2A_MSIL2A_20250816T150731_R082_T19PEP_20250816T213319,21.31,83.8,1.99,69.8,23.25,1.0,0.0319
"Bonaire, R082",bonaire,2025-08-19,S2B_MSIL2A_20250819T150729_R082_T19PEP_20250819T183822,21.19,86.5,1.84,71.0,22.97,0.0,
"Bonaire, R082",bonaire,2025-08-24,S2C_MSIL2A_20250824T150741_R082_T19PEP_20250824T195416,20.91,91.3,1.89,67.3,22.65,1.0,0.0625
"Bonaire, R082",bonaire,2025-08-26,S2A_MSIL2A_20250826T150941_R082_T19PEP_20250826T192612,20.87,93.2,1.93,68.6,22.64,0.0,
"Bonaire, R082",bonaire,2025-08-29,S2B_MSIL2A_20250829T150719_R082_T19PEP_20250829T184452,20.87,96.2,1.86,71.2,22.57,1.0,0.0613
"Curaçao west, R082",curacao_west,2025-01-01,S2B_MSIL2A_20250101T150719_R082_T19PDP_20250101T184446,41.67,147.8,9.59,95.4,48.01,0.209,0.0933
"Curaçao west, R082",curacao_west,2025-01-06,S2A_MSIL2A_20250106T150721_R082_T19PDP_20250106T181449,41.54,146.7,9.67,94.8,48.0,0.0,
"Curaçao west, R082",curacao_west,2025-01-11,S2B_MSIL2A_20250111T150719_R082_T19PDP_20250111T183922,41.24,145.5,9.62,95.4,47.88,1.0,0.0058
"Curaçao west, R082",curacao_west,2025-01-16,S2A_MSIL2A_20250116T150721_R082_T19PDP_20250116T180950,40.79,144.1,9.63,94.7,47.52,0.774,0.0051
"Curaçao west, R082",curacao_west,2025-01-21,S2B_MSIL2A_20250121T150719_R082_T19PDP_20250121T203217,40.17,142.7,9.59,95.4,47.11,0.0,
"Curaçao west, R082",curacao_west,2025-01-26,S2C_MSIL2A_20250126T150751_R082_T19PDP_20250126T181511,39.35,141.3,9.55,94.6,46.35,0.624,0.016
"Curaçao west, R082",curacao_west,2025-01-31,S2B_MSIL2A_20250131T150729_R082_T19PDP_20250131T203125,38.54,139.5,9.55,95.4,45.8,0.787,0.023
"Curaçao west, R082",curacao_west,2025-02-05,S2C_MSIL2A_20250205T150751_R082_T19PDP_20250205T181611,37.46,137.9,9.57,94.6,44.84,1.0,0.0118
"Curaçao west, R082",curacao_west,2025-02-10,S2B_MSIL2A_20250210T150729_R082_T19PDP_20250210T183855,36.41,135.9,9.55,95.4,44.06,0.583,0.0184
"Curaçao west, R082",curacao_west,2025-02-15,S2C_MSIL2A_20250215T150741_R082_T19PDP_20250215T183054,35.15,134.0,9.64,94.7,42.98,0.578,0.106
"Curaçao west, R082",curacao_west,2025-02-20,S2B_MSIL2A_20250220T150729_R082_T19PDP_20250220T184649,33.92,131.7,9.49,95.3,41.89,0.902,0.021
"Curaçao west, R082",curacao_west,2025-02-25,S2C_MSIL2A_20250225T150741_R082_T19PDP_20250225T181412,32.52,129.5,9.62,94.7,40.76,1.0,0.0267
"Curaçao west, R082",curacao_west,2025-03-02,S2B_MSIL2A_20250302T150729_R082_T19PDP_20250302T183833,31.22,126.9,9.52,95.3,39.61,1.0,0.019
"Curaçao west, R082",curacao_west,2025-03-07,S2C_MSIL2A_20250307T150751_R082_T19PDP_20250307T202213,29.76,124.3,9.6,94.6,38.37,0.487,0.0187
"Curaçao west, R082",curacao_west,2025-03-12,S2B_MSIL2A_20250312T150719_R082_T19PDP_20250312T202222,28.46,121.2,9.53,95.3,37.25,1.0,0.0172
"Curaçao west, R082",curacao_west,2025-03-17,S2C_MSIL2A_20250317T150741_R082_T19PDP_20250317T193358,27.04,118.1,9.57,94.6,36.01,0.996,0.0226
"Curaçao west, R082",curacao_west,2025-03-19,S2A_MSIL2A_20250319T150931_R082_T19PDP_20250319T202213,26.57,116.7,9.62,94.7,35.65,0.998,0.0246
"Curaçao west, R082",curacao_west,2025-03-22,S2B_MSIL2A_20250322T150729_R082_T19PDP_20250322T203640,25.84,114.5,9.5,95.4,34.95,0.227,0.036
"Curaçao west, R082",curacao_west,2025-03-27,S2C_MSIL2A_20250327T150741_R082_T19PDP_20250327T215859,24.58,110.8,9.62,94.7,33.92,0.0,
"Curaçao west, R082",curacao_west,2025-03-29,S2A_MSIL2A_20250329T150731_R082_T19PDP_20250330T005118,24.19,109.2,9.71,94.8,33.67,0.0,
"Curaçao west, R082",curacao_west,2025-04-01,S2B_MSIL2A_20250401T150719_R082_T19PDP_20250401T184131,23.59,106.7,9.63,95.4,33.09,0.0,
"Curaçao west, R082",curacao_west,2025-04-06,S2C_MSIL2A_20250406T150741_R082_T19PDP_20250406T215123,22.57,102.4,9.54,94.6,32.04,0.94,0.0795
"Curaçao west, R082",curacao_west,2025-04-08,S2A_MSIL2A_20250408T150931_R082_T19PDP_20250409T011158,22.27,100.6,9.54,94.7,31.78,0.0,
"Curaçao west, R082",curacao_west,2025-04-11,S2B_MSIL2A_20250411T150729_R082_T19PDP_20250411T183629,21.87,97.8,9.52,95.4,31.38,0.0,
"Curaçao west, R082",curacao_west,2025-04-16,S2C_MSIL2A_20250416T150741_R082_T19PDP_20250416T211512,21.2,93.2,9.62,94.7,30.81,1.0,0.0381
"Curaçao west, R082",curacao_west,2025-04-21,S2B_MSIL2A_20250421T150719_R082_T19PDP_20250421T184038,20.85,88.4,9.54,95.4,30.34,0.777,0.0444
"Curaçao west, R082",curacao_west,2025-04-28,S2A_MSIL2A_20250428T150941_R082_T19PDP_20250429T001013,20.51,82.0,9.5,94.7,29.85,0.0,
"Curaçao west, R082",curacao_west,2025-05-01,S2B_MSIL2A_20250501T150719_R082_T19PDP_20250501T183953,20.54,79.4,9.5,95.3,29.78,0.0,
"Curaçao west, R082",curacao_west,2025-05-06,S2C_MSIL2A_20250506T150741_R082_T19PDP_20250506T201416,20.55,75.2,9.55,94.6,29.72,0.998,0.0774
"Curaçao west, R082",curacao_west,2025-05-08,S2A_MSIL2A_20250508T150731_R082_T19PDP_20250508T214213,20.65,73.7,9.62,94.7,29.82,1.0,0.0403
"Curaçao west, R082",curacao_west,2025-05-11,S2B_MSIL2A_20250511T150719_R082_T19PDP_20250511T184208,20.83,71.5,9.5,95.3,29.76,0.521,0.0603
"Curaçao west, R082",curacao_west,2025-05-16,S2C_MSIL2A_20250516T150741_R082_T19PDP_20250516T201412,21.07,68.2,9.65,94.7,30.01,0.0,
"Curaçao west, R082",curacao_west,2025-05-18,S2A_MSIL2A_20250518T150941_R082_T19PDP_20250518T192803,21.22,67.1,9.51,94.7,29.96,0.0,
"Curaçao west, R082",curacao_west,2025-05-21,S2B_MSIL2A_20250521T150719_R082_T19PDP_20250521T184503,21.5,65.5,9.52,95.4,30.11,0.215,0.05
"Curaçao west, R082",curacao_west,2025-05-26,S2C_MSIL2A_20250526T150741_R082_T19PDP_20250526T214319,21.85,63.2,9.56,94.6,30.4,1.0,0.0454
"Curaçao west, R082",curacao_west,2025-05-28,S2A_MSIL2A_20250528T150741_R082_T19PDP_20250528T214014,22.03,62.5,9.48,94.7,30.45,0.15,0.0882
"Curaçao west, R082",curacao_west,2025-05-31,S2B_MSIL2A_20250531T150719_R082_T19PDP_20250531T183226,22.34,61.5,9.54,95.4,30.71,0.0,
"Curaçao west, R082",curacao_west,2025-06-05,S2C_MSIL2A_20250605T150741_R082_T19PDP_20250605T193611,22.68,60.2,9.55,94.6,31.01,1.0,0.0338
"Curaçao west, R082",curacao_west,2025-06-07,S2A_MSIL2A_20250607T150941_R082_T19PDP_20250607T213812,22.86,59.8,9.54,94.7,31.14,0.7,0.0334
"Curaçao west, R082",curacao_west,2025-06-10,S2B_MSIL2A_20250610T150719_R082_T19PDP_20250610T184805,23.14,59.5,9.66,95.4,31.44,0.0,
"Curaçao west, R082",curacao_west,2025-06-15,S2C_MSIL2A_20250615T150741_R082_T19PDP_20250615T201416,23.4,59.0,9.61,94.7,31.67,0.323,0.0558
"Curaçao west, R082",curacao_west,2025-06-17,S2A_MSIL2A_20250617T150731_R082_T19PDP_20250617T215516,23.54,59.0,9.67,94.8,31.85,1.0,0.0376
"Curaçao west, R082",curacao_west,2025-06-20,S2B_MSIL2A_20250620T150719_R082_T19PDP_20250620T202614,23.73,59.1,9.6,95.4,31.95,1.0,0.0364
"Curaçao west, R082",curacao_west,2025-06-25,S2C_MSIL2A_20250625T150741_R082_T19PDP_20250625T194815,23.86,59.4,9.58,94.7,32.14,0.0,
"Curaçao west, R082",curacao_west,2025-06-27,S2A_MSIL2A_20250627T150941_R082_T19PDP_20250627T194017,23.94,59.7,9.57,94.7,32.22,1.0,0.0359
"Curaçao west, R082",curacao_west,2025-06-30,S2B_MSIL2A_20250630T150729_R082_T19PDP_20250630T184300,24.05,60.3,9.55,95.4,32.3,0.0,
"Curaçao west, R082",curacao_west,2025-07-05,S2C_MSIL2A_20250705T150741_R082_T19PDP_20250705T194315,24.02,61.3,9.51,94.6,32.37,0.166,0.0997
"Curaçao west, R082",curacao_west,2025-07-07,S2A_MSIL2A_20250707T150741_R082_T19PDP_20250707T211724,24.03,61.9,9.5,94.7,32.4,0.265,0.0258
"Curaçao west, R082",curacao_west,2025-07-10,S2B_MSIL2A_20250710T150729_R082_T19PDP_20250710T184513,24.05,62.8,9.53,95.4,32.47,0.971,0.0374
"Curaçao west, R082",curacao_west,2025-07-15,S2C_MSIL2A_20250715T150741_R082_T19PDP_20250715T193512,23.86,64.6,9.49,94.6,32.4,0.711,0.0442
"Curaçao west, R082",curacao_west,2025-07-17,S2A_MSIL2A_20250717T150941_R082_T19PDP_20250717T193255,23.81,65.4,9.48,94.7,32.39,0.421,0.1182
"Curaçao west, R082",curacao_west,2025-07-20,S2B_MSIL2A_20250720T150729_R082_T19PDP_20250720T183906,23.75,66.8,9.57,95.4,32.46,0.0,
"Curaçao west, R082",curacao_west,2025-07-25,S2C_MSIL2A_20250725T150741_R082_T19PDP_20250725T193912,23.44,69.3,9.51,94.6,32.28,0.0,
"Curaçao west, R082",curacao_west,2025-07-27,S2A_MSIL2A_20250727T150741_R082_T19PDP_20250727T213720,23.34,70.4,9.52,94.7,32.24,0.401,0.0305
"Curaçao west, R082",curacao_west,2025-07-30,S2B_MSIL2A_20250730T150719_R082_T19PDP_20250730T185847,23.24,72.2,9.67,95.4,32.34,1.0,0.0259
"Curaçao west, R082",curacao_west,2025-08-04,S2C_MSIL2A_20250804T150741_R082_T19PDP_20250804T195015,22.85,75.3,9.6,94.7,32.05,0.609,0.0653
"Curaçao west, R082",curacao_west,2025-08-06,S2A_MSIL2A_20250806T150941_R082_T19PDP_20250806T194007,22.74,76.7,9.61,94.7,32.01,1.0,0.0277
"Curaçao west, R082",curacao_west,2025-08-09,S2B_MSIL2A_20250809T150719_R082_T19PDP_20250809T184923,22.6,78.9,9.6,95.4,31.92,0.936,0.0442
"Curaçao west, R082",curacao_west,2025-08-14,S2C_MSIL2A_20250814T150741_R082_T19PDP_20250814T194512,22.23,82.8,9.6,94.7,31.68,1.0,0.0299
"Curaçao west, R082",curacao_west,2025-08-16,S2A_MSIL2A_20250816T150731_R082_T19PDP_20250816T213319,22.14,84.4,9.68,94.8,31.71,0.727,0.0172
"Curaçao west, R082",curacao_west,2025-08-19,S2B_MSIL2A_20250819T150729_R082_T19PDP_20250819T183822,22.03,87.0,9.56,95.4,31.53,0.0,
"Curaçao west, R082",curacao_west,2025-08-24,S2C_MSIL2A_20250824T150741_R082_T19PDP_20250824T195416,21.77,91.6,9.55,94.6,31.32,1.0,0.0406
"Curaçao west, R082",curacao_west,2025-08-26,S2A_MSIL2A_20250826T150941_R082_T19PDP_20250826T192612,21.74,93.5,9.61,94.7,31.35,0.0,
"Curaçao west, R082",curacao_west,2025-08-29,S2B_MSIL2A_20250829T150719_R082_T19PDP_20250829T184452,21.75,96.4,9.58,95.4,31.33,0.929,0.0335
"Curaçao east, R082",curacao_east,2025-01-01,S2B_MSIL2A_20250101T150719_R082_T19PEP_20250101T184446,41.33,148.0,6.83,111.8,46.99,0.678,0.0164
"Curaçao east, R082",curacao_east,2025-01-06,S2A_MSIL2A_20250106T150721_R082_T19PEP_20250106T181449,41.2,146.9,6.88,110.8,46.91,0.601,0.0171
"Curaçao east, R082",curacao_east,2025-01-11,S2B_MSIL2A_20250111T150719_R082_T19PEP_20250111T183922,40.89,145.7,6.86,111.8,46.72,0.99,0.0075
"Curaçao east, R082",curacao_east,2025-01-16,S2A_MSIL2A_20250116T150721_R082_T19PEP_20250116T180950,40.44,144.3,6.84,110.9,46.27,1.0,0.0042
"Curaçao east, R082",curacao_east,2025-01-21,S2B_MSIL2A_20250121T150719_R082_T19PEP_20250121T203217,39.82,142.9,6.83,111.9,45.79,0.44,0.0967
"Curaçao east, R082",curacao_east,2025-01-26,S2C_MSIL2A_20250126T150751_R082_T19PEP_20250126T181511,39.0,141.4,6.76,110.9,44.93,1.0,0.0152
"Curaçao east, R082",curacao_east,2025-01-31,S2B_MSIL2A_20250131T150729_R082_T19PEP_20250131T203125,38.18,139.7,6.8,111.9,44.29,1.0,0.0209
"Curaçao east, R082",curacao_east,2025-02-05,S2C_MSIL2A_20250205T150751_R082_T19PEP_20250205T181611,37.11,138.0,6.78,110.9,43.23,1.0,0.0154
"Curaçao east, R082",curacao_east,2025-02-15,S2C_MSIL2A_20250215T150741_R082_T19PEP_20250215T183054,34.79,134.1,6.85,110.8,41.15,0.001,
"Curaçao east, R082",curacao_east,2025-02-20,S2B_MSIL2A_20250220T150729_R082_T19PEP_20250220T184649,33.56,131.8,6.73,112.0,39.95,1.0,0.0205
"Curaçao east, R082",curacao_east,2025-02-25,S2C_MSIL2A_20250225T150741_R082_T19PEP_20250225T181412,32.16,129.6,6.83,110.8,38.69,0.762,0.0322
"Curaçao east, R082",curacao_east,2025-03-02,S2B_MSIL2A_20250302T150729_R082_T19PEP_20250302T183833,30.86,126.9,6.76,112.0,37.43,1.0,0.0251
"Curaçao east, R082",curacao_east,2025-03-07,S2C_MSIL2A_20250307T150751_R082_T19PEP_20250307T202213,29.4,124.3,6.81,110.8,36.05,0.973,0.0214
"Curaçao east, R082",curacao_east,2025-03-12,S2B_MSIL2A_20250312T150719_R082_T19PEP_20250312T202222,28.1,121.2,6.77,112.0,34.8,1.0,0.0237
"Curaçao east, R082",curacao_east,2025-03-17,S2C_MSIL2A_20250317T150741_R082_T19PEP_20250317T193358,26.69,118.1,6.78,110.9,33.42,1.0,0.0246
"Curaçao east, R082",curacao_east,2025-03-19,S2A_MSIL2A_20250319T150931_R082_T19PEP_20250319T202213,26.21,116.6,6.83,110.9,33.02,0.02,0.148
"Curaçao east, R082",curacao_east,2025-03-22,S2B_MSIL2A_20250322T150729_R082_T19PEP_20250322T203640,25.49,114.4,6.75,112.0,32.23,0.0,
"Curaçao east, R082",curacao_east,2025-03-27,S2C_MSIL2A_20250327T150741_R082_T19PEP_20250327T215859,24.24,110.7,6.83,110.8,31.07,1.0,0.0451
"Curaçao east, R082",curacao_east,2025-03-29,S2A_MSIL2A_20250329T150731_R082_T19PEP_20250330T005118,23.85,109.0,6.93,110.8,30.77,1.0,0.0416
"Curaçao east, R082",curacao_east,2025-04-01,S2B_MSIL2A_20250401T150719_R082_T19PEP_20250401T184131,23.26,106.4,6.87,111.8,30.11,1.0,0.0461
"Curaçao east, R082",curacao_east,2025-04-06,S2C_MSIL2A_20250406T150741_R082_T19PEP_20250406T215123,22.24,102.1,6.75,110.9,28.93,0.237,0.0497
"Curaçao east, R082",curacao_east,2025-04-08,S2A_MSIL2A_20250408T150931_R082_T19PEP_20250409T011158,21.96,100.2,6.75,111.0,28.61,0.0,
"Curaçao east, R082",curacao_east,2025-04-11,S2B_MSIL2A_20250411T150729_R082_T19PEP_20250411T183629,21.56,97.4,6.76,112.0,28.16,0.0,
"Curaçao east, R082",curacao_east,2025-04-16,S2C_MSIL2A_20250416T150741_R082_T19PEP_20250416T211512,20.9,92.7,6.83,110.8,27.47,0.998,0.051
"Curaçao east, R082",curacao_east,2025-04-21,S2B_MSIL2A_20250421T150719_R082_T19PEP_20250421T184038,20.58,87.9,6.78,111.9,26.9,1.0,0.0349
"Curaçao east, R082",curacao_east,2025-04-26,S2C_MSIL2A_20250426T150741_R082_T19PEP_20250426T211715,20.27,83.2,6.73,110.9,26.4,0.0,
"Curaçao east, R082",curacao_east,2025-04-28,S2A_MSIL2A_20250428T150941_R082_T19PEP_20250429T001013,20.27,81.3,6.71,111.1,26.3,0.0,
"Curaçao east, R082",curacao_east,2025-05-01,S2B_MSIL2A_20250501T150719_R082_T19PEP_20250501T183953,20.31,78.7,6.74,112.0,26.19,1.0,0.0484
"Curaçao east, R082",curacao_east,2025-05-06,S2C_MSIL2A_20250506T150741_R082_T19PEP_20250506T201416,20.34,74.5,6.76,110.9,26.07,0.994,0.0639
"Curaçao east, R082",curacao_east,2025-05-08,S2A_MSIL2A_20250508T150731_R082_T19PEP_20250508T214213,20.45,73.0,6.83,110.9,26.16,0.024,0.0377
"Curaçao east, R082",curacao_east,2025-05-11,S2B_MSIL2A_20250511T150719_R082_T19PEP_20250511T184208,20.64,70.8,6.74,112.0,26.07,1.0,0.0519
"Curaçao east, R082",curacao_east,2025-05-16,S2C_MSIL2A_20250516T150741_R082_T19PEP_20250516T201412,20.9,67.5,6.86,110.8,26.3,0.592,0.0601
"Curaçao east, R082",curacao_east,2025-05-18,S2A_MSIL2A_20250518T150941_R082_T19PEP_20250518T192803,21.05,66.3,6.72,111.1,26.23,0.0,
"Curaçao east, R082",curacao_east,2025-05-21,S2B_MSIL2A_20250521T150719_R082_T19PEP_20250521T184503,21.34,64.8,6.76,112.0,26.38,0.99,0.055
"Curaçao east, R082",curacao_east,2025-05-26,S2C_MSIL2A_20250526T150741_R082_T19PEP_20250526T214319,21.7,62.5,6.77,110.9,26.65,1.0,0.065
"Curaçao east, R082",curacao_east,2025-05-28,S2A_MSIL2A_20250528T150741_R082_T19PEP_20250528T214014,21.89,61.7,6.69,111.1,26.7,0.0,
"Curaçao east, R082",curacao_east,2025-05-31,S2B_MSIL2A_20250531T150719_R082_T19PEP_20250531T183226,22.2,60.8,6.79,111.9,26.96,0.0,
"Curaçao east, R082",curacao_east,2025-06-05,S2C_MSIL2A_20250605T150741_R082_T19PEP_20250605T193611,22.55,59.4,6.76,110.9,27.25,0.908,0.0489
"Curaçao east, R082",curacao_east,2025-06-07,S2A_MSIL2A_20250607T150941_R082_T19PEP_20250607T213812,22.73,59.1,6.75,111.0,27.38,1.0,0.0408
"Curaçao east, R082",curacao_east,2025-06-10,S2B_MSIL2A_20250610T150719_R082_T19PEP_20250610T184805,23.02,58.7,6.9,111.7,27.69,0.0,
"Curaçao east, R082",curacao_east,2025-06-15,S2C_MSIL2A_20250615T150741_R082_T19PEP_20250615T201416,23.28,58.3,6.82,110.8,27.92,0.0,
"Curaçao east, R082",curacao_east,2025-06-17,S2A_MSIL2A_20250617T150731_R082_T19PEP_20250617T215516,23.41,58.3,6.88,110.8,28.1,1.0,0.0426
"Curaçao east, R082",curacao_east,2025-06-20,S2B_MSIL2A_20250620T150719_R082_T19PEP_20250620T202614,23.61,58.4,6.84,111.9,28.19,0.352,0.0674
"Curaçao east, R082",curacao_east,2025-06-25,S2C_MSIL2A_20250625T150741_R082_T19PEP_20250625T194815,23.74,58.7,6.79,110.8,28.39,0.0,
"Curaçao east, R082",curacao_east,2025-06-27,S2A_MSIL2A_20250627T150941_R082_T19PEP_20250627T194017,23.81,59.0,6.79,111.0,28.47,1.0,0.0434
"Curaçao east, R082",curacao_east,2025-06-30,S2B_MSIL2A_20250630T150729_R082_T19PEP_20250630T184300,23.92,59.6,6.79,111.9,28.55,0.0,
"Curaçao east, R082",curacao_east,2025-07-05,S2C_MSIL2A_20250705T150741_R082_T19PEP_20250705T194315,23.88,60.6,6.72,111.0,28.61,0.374,0.0404
"Curaçao east, R082",curacao_east,2025-07-07,S2A_MSIL2A_20250707T150741_R082_T19PEP_20250707T211724,23.89,61.2,6.71,111.1,28.65,0.901,0.0437
"Curaçao east, R082",curacao_east,2025-07-10,S2B_MSIL2A_20250710T150729_R082_T19PEP_20250710T184513,23.9,62.2,6.78,111.9,28.72,0.98,0.0441
"Curaçao east, R082",curacao_east,2025-07-15,S2C_MSIL2A_20250715T150741_R082_T19PEP_20250715T193512,23.7,63.9,6.7,111.0,28.66,0.982,0.0489
"Curaçao east, R082",curacao_east,2025-07-17,S2A_MSIL2A_20250717T150941_R082_T19PEP_20250717T193255,23.65,64.8,6.7,111.1,28.66,1.0,0.0426
"Curaçao east, R082",curacao_east,2025-07-20,S2B_MSIL2A_20250720T150729_R082_T19PEP_20250720T183906,23.58,66.1,6.82,111.9,28.74,0.0,
"Curaçao east, R082",curacao_east,2025-07-25,S2C_MSIL2A_20250725T150741_R082_T19PEP_20250725T193912,23.26,68.6,6.72,111.0,28.56,1.0,0.0467
"Curaçao east, R082",curacao_east,2025-07-27,S2A_MSIL2A_20250727T150741_R082_T19PEP_20250727T213720,23.16,69.7,6.73,111.1,28.54,1.0,0.0349
"Curaçao east, R082",curacao_east,2025-07-30,S2B_MSIL2A_20250730T150719_R082_T19PEP_20250730T185847,23.04,71.5,6.91,111.7,28.65,1.0,0.0367
"Curaçao east, R082",curacao_east,2025-08-04,S2C_MSIL2A_20250804T150741_R082_T19PEP_20250804T195015,22.64,74.7,6.8,110.8,28.4,0.932,0.0503
"Curaçao east, R082",curacao_east,2025-08-06,S2A_MSIL2A_20250806T150941_R082_T19PEP_20250806T194007,22.52,76.1,6.82,110.9,28.37,1.0,0.0394
"Curaçao east, R082",curacao_east,2025-08-09,S2B_MSIL2A_20250809T150719_R082_T19PEP_20250809T184923,22.37,78.3,6.85,111.8,28.32,1.0,0.0473
"Curaçao east, R082",curacao_east,2025-08-14,S2C_MSIL2A_20250814T150741_R082_T19PEP_20250814T194512,21.98,82.2,6.8,110.8,28.13,1.0,0.0361
"Curaçao east, R082",curacao_east,2025-08-16,S2A_MSIL2A_20250816T150731_R082_T19PEP_20250816T213319,21.88,83.9,6.89,110.8,28.19,1.0,0.0206
"Curaçao east, R082",curacao_east,2025-08-19,S2B_MSIL2A_20250819T150729_R082_T19PEP_20250819T183822,21.77,86.5,6.81,111.9,28.06,0.0,
"Curaçao east, R082",curacao_east,2025-08-24,S2C_MSIL2A_20250824T150741_R082_T19PEP_20250824T195416,21.49,91.1,6.76,110.9,27.94,1.0,0.0479
"Curaçao east, R082",curacao_east,2025-08-26,S2A_MSIL2A_20250826T150941_R082_T19PEP_20250826T192612,21.45,93.0,6.82,110.9,28.01,0.002,
"Curaçao east, R082",curacao_east,2025-08-29,S2B_MSIL2A_20250829T150719_R082_T19PEP_20250829T184452,21.45,96.0,6.82,111.9,28.07,0.0,
"Sint Maarten, R039",sint_maarten,2025-01-03,S2A_MSIL2A_20250103T145721_R039_T20QMF_20250103T182050,45.12,154.0,9.6,277.4,40.46,0.204,0.0126
"Sint Maarten, R039",sint_maarten,2025-01-08,S2B_MSIL2A_20250108T145729_R039_T20QMF_20250108T183426,44.81,152.9,9.6,276.7,40.11,1.0,0.004
"Sint Maarten, R039",sint_maarten,2025-01-13,S2A_MSIL2A_20250113T145721_R039_T20QMF_20250113T182305,44.34,151.8,9.54,277.4,39.41,1.0,0.0042
"Sint Maarten, R039",sint_maarten,2025-01-18,S2B_MSIL2A_20250118T145729_R039_T20QMF_20250118T165011,43.7,150.7,9.57,276.7,38.69,0.607,0.0164
"Sint Maarten, R039",sint_maarten,2025-01-28,S2B_MSIL2A_20250128T145729_R039_T20QMF_20250128T164701,41.94,148.1,9.64,276.8,36.56,0.824,0.014
"Sint Maarten, R039",sint_maarten,2025-02-02,S2C_MSIL2A_20250202T145751_R039_T20QMF_20250202T163308,40.8,146.9,9.64,277.6,35.15,0.358,0.0386
"Sint Maarten, R039",sint_maarten,2025-02-07,S2B_MSIL2A_20250207T145729_R039_T20QMF_20250207T164940,39.64,145.3,9.6,276.7,33.94,1.0,0.0177
"Sint Maarten, R039",sint_maarten,2025-02-12,S2C_MSIL2A_20250212T145751_R039_T20QMF_20250212T163512,38.25,144.0,9.6,277.6,32.28,0.704,0.0308
"Sint Maarten, R039",sint_maarten,2025-02-17,S2B_MSIL2A_20250217T145729_R039_T20QMF_20250217T181520,36.87,142.3,9.71,276.8,30.74,1.0,0.0269
"Sint Maarten, R039",sint_maarten,2025-02-22,S2C_MSIL2A_20250222T145751_R039_T20QMF_20250222T163753,35.31,140.8,9.54,277.5,29.01,1.0,0.028
"Sint Maarten, R039",sint_maarten,2025-02-27,S2B_MSIL2A_20250227T145729_R039_T20QMF_20250227T200157,33.79,138.9,9.66,276.8,27.3,0.276,0.0564
"Sint Maarten, R039",sint_maarten,2025-03-04,S2C_MSIL2A_20250304T145751_R039_T20QMF_20250304T161656,32.1,137.1,9.62,277.6,25.35,0.094,0.0543
"Sint Maarten, R039",sint_maarten,2025-03-09,S2B_MSIL2A_20250309T145729_R039_T20QMF_20250309T164133,30.51,134.9,9.69,276.8,23.58,0.787,0.0391
"Sint Maarten, R039",sint_maarten,2025-03-14,S2C_MSIL2A_20250314T145751_R039_T20QMF_20250314T180312,28.79,132.8,9.61,277.6,21.6,0.044,0.1234
"Sint Maarten, R039",sint_maarten,2025-03-16,S2A_MSIL2A_20250316T145741_R039_T20QMF_20250316T175517,28.16,131.8,9.6,277.4,20.89,1.0,0.0498
"Sint Maarten, R039",sint_maarten,2025-03-19,S2B_MSIL2A_20250319T145729_R039_T20QMF_20250319T201953,27.21,130.2,9.69,276.8,19.79,0.0,
"Sint Maarten, R039",sint_maarten,2025-03-24,S2C_MSIL2A_20250324T145751_R039_T20QMF_20250324T191816,25.55,127.6,9.62,277.6,17.84,0.8,0.073
"Sint Maarten, R039",sint_maarten,2025-03-26,S2A_MSIL2A_20250326T145741_R039_T20QMF_20250326T172511,24.96,126.3,9.47,277.3,17.27,1.0,0.0778
"Sint Maarten, R039",sint_maarten,2025-03-29,S2B_MSIL2A_20250329T145729_R039_T20QMF_20250329T182607,24.07,124.5,9.63,276.8,16.14,0.741,0.0505
"Sint Maarten, R039",sint_maarten,2025-04-03,S2C_MSIL2A_20250403T145751_R039_T20QMF_20250403T195014,22.55,121.2,9.66,277.6,14.21,0.0,
"Sint Maarten, R039",sint_maarten,2025-04-05,S2A_MSIL2A_20250405T145741_R039_T20QMF_20250406T162622,22.04,119.7,9.64,277.5,13.6,0.087,0.0685
"Sint Maarten, R039",sint_maarten,2025-04-08,S2B_MSIL2A_20250408T145729_R039_T20QMF_20250408T183400,21.29,117.4,9.65,276.8,12.7,0.0,
"Sint Maarten, R039",sint_maarten,2025-04-13,S2C_MSIL2A_20250413T145751_R039_T20QMF_20250413T191712,20.02,113.5,9.63,277.6,11.07,0.989,0.1232
"Sint Maarten, R039",sint_maarten,2025-04-15,S2A_MSIL2A_20250415T145751_R039_T20QMF_20250415T235912,19.62,111.7,9.7,277.5,10.48,0.996,0.116
"Sint Maarten, R039",sint_maarten,2025-04-18,S2B_MSIL2A_20250418T145729_R039_T20QMF_20250418T183355,19.06,109.0,9.69,276.8,9.8,0.0,
"Sint Maarten, R039",sint_maarten,2025-04-23,S2C_MSIL2A_20250423T145751_R039_T20QMF_20250423T193808,18.14,104.4,9.67,277.6,8.61,0.0,
"Sint Maarten, R039",sint_maarten,2025-04-25,S2A_MSIL2A_20250425T145741_R039_T20QMF_20250426T004114,17.88,102.4,9.7,277.5,8.26,0.0,
"Sint Maarten, R039",sint_maarten,2025-04-28,S2B_MSIL2A_20250428T145729_R039_T20QMF_20250428T182324,17.57,99.5,9.68,276.8,7.91,0.0,
"Sint Maarten, R039",sint_maarten,2025-05-03,S2C_MSIL2A_20250503T145751_R039_T20QMF_20250503T190712,17.03,94.7,9.68,277.6,7.38,0.0,
"Sint Maarten, R039",sint_maarten,2025-05-05,S2A_MSIL2A_20250505T145751_R039_T20QMF_20250505T235436,16.93,92.7,9.63,277.4,7.38,0.183,0.1395
"Sint Maarten, R039",sint_maarten,2025-05-08,S2B_MSIL2A_20250508T145729_R039_T20QMF_20250508T183735,16.83,89.9,9.71,276.8,7.28,0.066,0.0803
"Sint Maarten, R039",sint_maarten,2025-05-13,S2C_MSIL2A_20250513T145741_R039_T20QMF_20250513T181014,16.67,85.5,9.59,277.6,7.56,0.993,0.0923
"Sint Maarten, R039",sint_maarten,2025-05-15,S2A_MSIL2A_20250515T145741_R039_T20QMF_20250515T215419,16.68,83.8,9.67,277.5,7.63,0.99,0.0986
"Sint Maarten, R039",sint_maarten,2025-05-18,S2B_MSIL2A_20250518T145729_R039_T20QMF_20250518T164148,16.78,81.5,9.68,276.8,7.86,0.0,
"Sint Maarten, R039",sint_maarten,2025-05-23,S2C_MSIL2A_20250523T145741_R039_T20QMF_20250523T180218,16.86,78.0,9.62,277.6,8.42,1.0,0.1039
"Sint Maarten, R039",sint_maarten,2025-05-25,S2A_MSIL2A_20250525T145751_R039_T20QMF_20250525T194116,16.96,76.8,9.72,277.6,8.57,0.763,0.107
"Sint Maarten, R039",sint_maarten,2025-05-28,S2B_MSIL2A_20250528T145729_R039_T20QMF_20250528T182232,17.17,75.2,9.67,276.8,8.9,0.0,
"Sint Maarten, R039",sint_maarten,2025-06-02,S2C_MSIL2A_20250602T145751_R039_T20QMF_20250602T195314,17.38,72.9,9.66,277.6,9.48,1.0,0.0924
"Sint Maarten, R039",sint_maarten,2025-06-04,S2A_MSIL2A_20250604T145741_R039_T20QMF_20250604T213715,17.52,72.2,9.69,277.5,9.66,1.0,0.0964
"Sint Maarten, R039",sint_maarten,2025-06-07,S2B_MSIL2A_20250607T145729_R039_T20QMF_20250607T183608,17.77,71.4,9.58,276.7,9.97,0.987,0.1102
"Sint Maarten, R039",sint_maarten,2025-06-12,S2C_MSIL2A_20250612T145741_R039_T20QMF_20250612T172201,18.0,70.3,9.62,277.6,10.4,1.0,0.09
"Sint Maarten, R039",sint_maarten,2025-06-14,S2A_MSIL2A_20250614T145751_R039_T20QMF_20250614T185814,18.14,70.0,9.59,277.4,10.56,0.0,
"Sint Maarten, R039",sint_maarten,2025-06-17,S2B_MSIL2A_20250617T145729_R039_T20QMF_20250617T164433,18.36,69.9,9.57,276.7,10.7,0.0,
"Sint Maarten, R039",sint_maarten,2025-06-22,S2C_MSIL2A_20250622T145741_R039_T20QMF_20250707T090915,18.54,69.9,9.59,277.6,10.96,0.0,
"Sint Maarten, R039",sint_maarten,2025-06-24,S2A_MSIL2A_20250624T145741_R039_T20QMF_20250624T213102,18.65,70.1,9.6,277.4,11.01,0.0,
"Sint Maarten, R039",sint_maarten,2025-06-27,S2B_MSIL2A_20250627T145729_R039_T20QMF_20250627T182637,18.81,70.5,9.64,276.8,11.0,0.918,0.1024
"Sint Maarten, R039",sint_maarten,2025-07-02,S2C_MSIL2A_20250702T145751_R039_T20QMF_20250702T191817,18.9,71.6,9.67,277.6,11.03,0.996,0.1115
"Sint Maarten, R039",sint_maarten,2025-07-04,S2A_MSIL2A_20250704T145751_R039_T20QMF_20250704T185959,18.96,72.1,9.68,277.5,11.0,1.0,0.0982
"Sint Maarten, R039",sint_maarten,2025-07-07,S2B_MSIL2A_20250707T145729_R039_T20QMF_20250707T164550,19.07,73.1,9.67,276.8,10.9,0.999,0.0985
"Sint Maarten, R039",sint_maarten,2025-07-12,S2C_MSIL2A_20250712T145751_R039_T20QMF_20250712T195712,19.06,75.1,9.71,277.7,10.73,0.133,0.0855
"Sint Maarten, R039",sint_maarten,2025-07-14,S2A_MSIL2A_20250714T145741_R039_T20QMF_20250714T214620,19.08,76.0,9.72,277.5,10.63,0.851,0.1103
"Sint Maarten, R039",sint_maarten,2025-07-17,S2B_MSIL2A_20250717T145729_R039_T20QMF_20250717T165131,19.16,77.6,9.64,276.8,10.52,0.635,0.1144
"Sint Maarten, R039",sint_maarten,2025-07-22,S2C_MSIL2A_20250722T145751_R039_T20QMF_20250722T174313,19.08,80.5,9.7,277.7,10.2,0.958,0.0925
"Sint Maarten, R039",sint_maarten,2025-07-24,S2A_MSIL2A_20250724T145751_R039_T20QMF_20250724T190311,19.09,81.7,9.7,277.5,10.09,0.716,0.0991
"Sint Maarten, R039",sint_maarten,2025-07-27,S2B_MSIL2A_20250727T145729_R039_T20QMF_20250727T183459,19.15,83.8,9.57,276.7,10.04,0.865,0.1223
"Sint Maarten, R039",sint_maarten,2025-08-01,S2C_MSIL2A_20250801T145751_R039_T20QMF_20250801T174217,19.06,87.5,9.64,277.6,9.72,1.0,0.1016
"Sint Maarten, R039",sint_maarten,2025-08-03,S2A_MSIL2A_20250803T145741_R039_T20QMF_20250803T214415,19.08,89.1,9.63,277.5,9.66,0.578,0.1181
"Sint Maarten, R039",sint_maarten,2025-08-06,S2B_MSIL2A_20250806T145729_R039_T20QMF_20250806T182330,19.16,91.6,9.58,276.7,9.65,0.981,0.1116
"Sint Maarten, R039",sint_maarten,2025-08-11,S2C_MSIL2A_20250811T145741_R039_T20QMF_20250811T175014,19.16,96.0,9.59,277.6,9.58,0.906,0.1238
"Sint Maarten, R039",sint_maarten,2025-08-13,S2A_MSIL2A_20250813T145751_R039_T20QMF_20250813T185611,19.24,97.9,9.49,277.3,9.74,0.998,0.1136
"Sint Maarten, R039",sint_maarten,2025-08-21,S2C_MSIL2A_20250821T145741_R039_T20QMF_20250821T172714,19.56,105.7,9.65,277.6,10.09,0.934,0.1009
"Sint Maarten, R039",sint_maarten,2025-08-23,S2A_MSIL2A_20250823T145741_R039_T20QMF_20250823T213813,19.71,107.6,9.58,277.4,10.41,0.066,0.1514
"Sint Maarten, R039",sint_maarten,2025-08-26,S2B_MSIL2A_20250826T145729_R039_T20QMF_20250826T183007,19.99,110.6,9.63,276.8,10.88,0.113,0.0592
"Sint Maarten, R039",sint_maarten,2025-08-31,S2C_MSIL2A_20250831T145741_R039_T20QMF_20250831T174912,20.43,115.8,9.65,277.6,11.64,0.949,0.1309
"Sint Maarten, R139",sint_maarten_r139,2025-01-05,S2B_MSIL2A_20250105T144729_R139_T20QMF_20250105T181617,46.12,150.7,11.45,107.2,54.86,0.979,0.0064
"Sint Maarten, R139",sint_maarten_r139,2025-01-10,S2A_MSIL2A_20250110T144731_R139_T20QMF_20250110T181652,45.8,149.7,11.54,106.6,54.67,1.0,0.0082
"Sint Maarten, R139",sint_maarten_r139,2025-01-15,S2B_MSIL2A_20250115T144729_R139_T20QMF_20250115T164115,45.29,148.5,11.51,107.2,54.34,0.679,0.0089
"Sint Maarten, R139",sint_maarten_r139,2025-01-20,S2A_MSIL2A_20250120T144731_R139_T20QMF_20250120T182852,44.63,147.3,11.45,106.7,53.72,0.997,0.0074
"Sint Maarten, R139",sint_maarten_r139,2025-01-25,S2B_MSIL2A_20250125T144729_R139_T20QMF_20250125T162846,43.81,146.0,11.43,107.2,53.09,0.971,0.008
"Sint Maarten, R139",sint_maarten_r139,2025-01-30,S2C_MSIL2A_20250130T144801_R139_T20QMF_20250130T162613,42.79,144.8,11.42,106.6,52.15,0.992,0.0081
"Sint Maarten, R139",sint_maarten_r139,2025-02-09,S2C_MSIL2A_20250209T144801_R139_T20QMF_20250209T171010,40.48,141.8,11.42,106.6,50.17,0.821,0.032
"Sint Maarten, R139",sint_maarten_r139,2025-02-14,S2B_MSIL2A_20250214T144739_R139_T20QMF_20250214T164302,39.21,140.2,11.37,107.3,49.08,1.0,0.0112
"Sint Maarten, R139",sint_maarten_r139,2025-02-19,S2C_MSIL2A_20250219T144751_R139_T20QMF_20250219T164656,37.75,138.6,11.53,106.6,47.86,0.372,0.018
"Sint Maarten, R139",sint_maarten_r139,2025-02-24,S2B_MSIL2A_20250224T144739_R139_T20QMF_20250224T182607,36.31,136.7,11.37,107.3,46.51,1.0,0.0086
"Sint Maarten, R139",sint_maarten_r139,2025-03-01,S2C_MSIL2A_20250301T144751_R139_T20QMF_20250301T163253,34.71,134.9,11.43,106.6,45.06,0.991,0.0155
"Sint Maarten, R139",sint_maarten_r139,2025-03-06,S2B_MSIL2A_20250306T144739_R139_T20QMF_20250306T182600,33.19,132.8,11.37,107.3,43.7,0.0,
"Sint Maarten, R139",sint_maarten_r139,2025-03-11,S2C_MSIL2A_20250311T144751_R139_T20QMF_20250311T181819,31.54,130.7,11.46,106.6,42.23,1.0,0.0095
"Sint Maarten, R139",sint_maarten_r139,2025-03-13,S2A_MSIL2A_20250313T144741_R139_T20QMF_20250313T180722,30.93,129.7,11.46,106.7,41.69,1.0,0.0027
"Sint Maarten, R139",sint_maarten_r139,2025-03-16,S2B_MSIL2A_20250316T144729_R139_T20QMF_20250316T200925,30.01,128.2,11.39,107.2,40.83,1.0,0.0043
"Sint Maarten, R139",sint_maarten_r139,2025-03-21,S2C_MSIL2A_20250321T144751_R139_T20QMF_20250321T173211,28.38,125.7,11.4,106.6,39.31,0.318,0.0189
"Sint Maarten, R139",sint_maarten_r139,2025-03-23,S2A_MSIL2A_20250323T144751_R139_T20QMF_20250323T162616,27.81,124.6,11.51,106.6,38.9,1.0,0.018
"Sint Maarten, R139",sint_maarten_r139,2025-03-26,S2B_MSIL2A_20250326T144729_R139_T20QMF_20250326T181956,26.93,122.8,11.4,107.3,38.03,0.987,0.0184
"Sint Maarten, R139",sint_maarten_r139,2025-03-31,S2C_MSIL2A_20250331T144751_R139_T20QMF_20250331T195214,25.43,119.8,11.4,106.6,36.62,0.007,
"Sint Maarten, R139",sint_maarten_r139,2025-04-02,S2A_MSIL2A_20250402T144741_R139_T20QMF_20250402T235317,24.92,118.4,11.46,106.7,36.21,1.0,0.0263
"Sint Maarten, R139",sint_maarten_r139,2025-04-05,S2B_MSIL2A_20250405T144729_R139_T20QMF_20250405T181327,24.17,116.3,11.47,107.2,35.54,0.253,0.0749
"Sint Maarten, R139",sint_maarten_r139,2025-04-10,S2C_MSIL2A_20250410T144751_R139_T20QMF_20250410T192413,22.88,112.7,11.39,106.6,34.23,0.097,0.0418
"Sint Maarten, R139",sint_maarten_r139,2025-04-12,S2A_MSIL2A_20250412T144751_R139_T20QMF_20250412T212013,22.47,111.2,11.35,106.7,33.79,0.829,0.1478
"Sint Maarten, R139",sint_maarten_r139,2025-04-15,S2B_MSIL2A_20250415T144729_R139_T20QMF_20250415T181435,21.88,108.7,11.37,107.3,33.25,1.0,0.0234
"Sint Maarten, R139",sint_maarten_r139,2025-04-20,S2C_MSIL2A_20250420T144751_R139_T20QMF_20250420T195812,20.91,104.7,11.4,106.6,32.3,0.0,
"Sint Maarten, R139",sint_maarten_r139,2025-04-22,S2A_MSIL2A_20250422T144741_R139_T20QMF_20250423T004414,20.62,102.9,11.34,106.8,31.95,1.0,0.0088
"Sint Maarten, R139",sint_maarten_r139,2025-04-25,S2B_MSIL2A_20250425T144729_R139_T20QMF_20250425T182120,20.26,100.3,11.42,107.2,31.62,1.0,0.0144
"Sint Maarten, R139",sint_maarten_r139,2025-04-30,S2C_MSIL2A_20250430T144751_R139_T20QMF_20250430T174108,19.63,96.0,11.35,106.7,30.85,0.0,
"Sint Maarten, R139",sint_maarten_r139,2025-05-02,S2A_MSIL2A_20250502T144751_R139_T20QMF_20250502T204010,19.49,94.2,11.38,106.7,30.7,0.549,0.1308
"Sint Maarten, R139",sint_maarten_r139,2025-05-05,S2B_MSIL2A_20250505T144729_R139_T20QMF_20250505T181100,19.34,91.7,11.35,107.3,30.42,0.994,0.0226
"Sint Maarten, R139",sint_maarten_r139,2025-05-10,S2C_MSIL2A_20250510T144751_R139_T20QMF_20250510T202415,19.07,87.6,11.42,106.6,30.09,1.0,0.0352
"Sint Maarten, R139",sint_maarten_r139,2025-05-12,S2A_MSIL2A_20250512T144741_R139_T20QMF_20250512T214317,19.05,86.1,11.41,106.7,29.99,0.898,0.053
"Sint Maarten, R139",sint_maarten_r139,2025-05-15,S2B_MSIL2A_20250515T144729_R139_T20QMF_20250515T182215,19.09,83.9,11.38,107.3,29.87,0.022,0.0421
"Sint Maarten, R139",sint_maarten_r139,2025-05-20,S2C_MSIL2A_20250520T144751_R139_T20QMF_20250520T180712,19.09,80.5,11.45,106.6,29.78,1.0,0.03
"Sint Maarten, R139",sint_maarten_r139,2025-05-22,S2A_MSIL2A_20250522T144751_R139_T20QMF_20250522T193811,19.15,79.3,11.34,106.7,29.67,0.994,0.0408
"Sint Maarten, R139",sint_maarten_r139,2025-05-25,S2B_MSIL2A_20250525T144729_R139_T20QMF_20250525T182145,19.33,77.7,11.38,107.3,29.74,0.994,0.0433
"Sint Maarten, R139",sint_maarten_r139,2025-05-30,S2C_MSIL2A_20250530T144751_R139_T20QMF_20250530T175416,19.49,75.3,11.38,106.7,29.78,0.345,0.0475
"Sint Maarten, R139",sint_maarten_r139,2025-06-01,S2A_MSIL2A_20250601T144751_R139_T20QMF_20250601T211712,19.61,74.5,11.34,106.7,29.8,0.0,
"Sint Maarten, R139",sint_maarten_r139,2025-06-04,S2B_MSIL2A_20250604T144729_R139_T20QMF_20250604T200647,19.84,73.5,11.45,107.2,30.02,0.726,0.0472
"Sint Maarten, R139",sint_maarten_r139,2025-06-09,S2C_MSIL2A_20250609T144751_R139_T20QMF_20250609T192712,20.06,72.2,11.4,106.6,30.14,0.0,
"Sint Maarten, R139",sint_maarten_r139,2025-06-11,S2A_MSIL2A_20250611T144751_R139_T20QMF_20250611T203916,20.2,71.9,11.42,106.7,30.25,0.976,0.0519
"Sint Maarten, R139",sint_maarten_r139,2025-06-19,S2C_MSIL2A_20250619T144751_R139_T20QMF_20250619T192802,20.63,71.2,11.49,106.6,30.7,1.0,0.0426
"Sint Maarten, R139",sint_maarten_r139,2025-06-21,S2A_MSIL2A_20250621T144741_R139_T20QMF_20250621T214405,20.75,71.3,11.48,106.6,30.8,0.901,0.0376
"Sint Maarten, R139",sint_maarten_r139,2025-06-24,S2B_MSIL2A_20250624T144729_R139_T20QMF_20250624T181820,20.93,71.5,11.44,107.2,30.92,0.0,
"Sint Maarten, R139",sint_maarten_r139,2025-06-29,S2C_MSIL2A_20250629T144751_R139_T20QMF_20250629T174615,21.06,72.1,11.39,106.7,31.09,1.0,0.0449
"Sint Maarten, R139",sint_maarten_r139,2025-07-01,S2A_MSIL2A_20250701T144751_R139_T20QMF_20250701T193115,21.14,72.6,11.38,106.7,31.19,0.0,
"Sint Maarten, R139",sint_maarten_r139,2025-07-04,S2B_MSIL2A_20250704T144739_R139_T20QMF_20250704T181505,21.28,73.3,11.4,107.2,31.36,1.0,0.0453
"Sint Maarten, R139",sint_maarten_r139,2025-07-09,S2C_MSIL2A_20250709T144751_R139_T20QMF_20250709T174118,21.31,74.8,11.34,106.7,31.48,0.025,0.0506
"Sint Maarten, R139",sint_maarten_r139,2025-07-11,S2A_MSIL2A_20250711T144751_R139_T20QMF_20250711T214314,21.35,75.6,11.33,106.7,31.57,0.985,0.0454
"Sint Maarten, R139",sint_maarten_r139,2025-07-14,S2B_MSIL2A_20250714T144739_R139_T20QMF_20250714T163215,21.45,76.8,11.41,107.2,31.79,0.967,0.032
"Sint Maarten, R139",sint_maarten_r139,2025-07-19,S2C_MSIL2A_20250719T144751_R139_T20QMF_20250719T174213,21.4,79.1,11.33,106.7,31.86,0.756,0.0302
"Sint Maarten, R139",sint_maarten_r139,2025-07-21,S2A_MSIL2A_20250721T144801_R139_T20QMF_20250721T210315,21.42,80.2,11.33,106.7,31.94,1.0,0.0326
"Sint Maarten, R139",sint_maarten_r139,2025-07-24,S2B_MSIL2A_20250724T144729_R139_T20QMF_20250724T163045,21.49,81.9,11.47,107.2,32.22,1.0,0.0379
"Sint Maarten, R139",sint_maarten_r139,2025-07-29,S2C_MSIL2A_20250729T144751_R139_T20QMF_20250729T174315,21.42,85.0,11.38,106.7,32.26,1.0,0.0355
"Sint Maarten, R139",sint_maarten_r139,2025-07-31,S2A_MSIL2A_20250731T144751_R139_T20QMF_20250731T184613,21.44,86.3,11.39,106.7,32.35,0.768,0.0324
"Sint Maarten, R139",sint_maarten_r139,2025-08-03,S2B_MSIL2A_20250803T144729_R139_T20QMF_20250803T181856,21.51,88.4,11.51,107.2,32.61,0.885,0.0366
"Sint Maarten, R139",sint_maarten_r139,2025-08-08,S2C_MSIL2A_20250808T144751_R139_T20QMF_20250808T180213,21.48,92.2,11.48,106.6,32.71,0.859,0.0275
"Sint Maarten, R139",sint_maarten_r139,2025-08-10,S2A_MSIL2A_20250810T144751_R139_T20QMF_20250810T193114,21.52,93.8,11.51,106.6,32.83,1.0,0.0233
"Sint Maarten, R139",sint_maarten_r139,2025-08-13,S2B_MSIL2A_20250813T144729_R139_T20QMF_20250813T162345,21.62,96.3,11.45,107.2,32.93,1.0,0.0357
"Sint Maarten, R139",sint_maarten_r139,2025-08-18,S2C_MSIL2A_20250818T144751_R139_T20QMF_20250818T193214,21.71,100.6,11.41,106.7,33.08,0.051,0.0465
"Sint Maarten, R139",sint_maarten_r139,2025-08-20,S2A_MSIL2A_20250820T144741_R139_T20QMF_20250820T184820,21.82,102.4,11.48,106.7,33.28,1.0,0.0278
"Sint Maarten, R139",sint_maarten_r139,2025-08-23,S2B_MSIL2A_20250823T144729_R139_T20QMF_20250823T181820,22.02,105.1,11.43,107.2,33.45,0.553,0.1312
"Sint Maarten, R139",sint_maarten_r139,2025-08-28,S2C_MSIL2A_20250828T144751_R139_T20QMF_20250828T175318,22.31,109.8,11.39,106.7,33.69,0.0,
"Sint Maarten, R139",sint_maarten_r139,2025-08-30,S2A_MSIL2A_20250830T144751_R139_T20QMF_20250830T193218,22.51,111.6,11.43,106.7,33.9,1.0,0.0191
