segment_id,name,observed_on,observability,cloud_fraction,coverage,detected_area_m2,affected_front_m,front_length_m,detection_count,scene_id,platform,tile_cloud_pct,water_side_pixels,scl_cloud_fraction,not_water_fraction,usable_pixels,sargassum_pixels,uncertain_pixels,max_probability,mangrove_masked_pixels,vegetated_pixels,vegetated_sargassum_pixels,zone_cloud_fraction
oyster_pond_guana,Oyster Pond to Guana Bay Point,2025-01-05,partial,0.4922,0.0,0.0,0.0,3483.0,0,S2B_MSIL2A_20250105T144729_R139_T20QMF_20250105T181617,Sentinel-2B,24.97,19976,0.4922,0.001,10097,0,0,0.0006,0,0,0,0.2495
guana_point_blanche_bay,Guana Bay Point to Point Blanche Bay,2025-01-05,observed,0.1069,0.0,0.0,0.0,3640.2,0,S2B_MSIL2A_20250105T144729_R139_T20QMF_20250105T181617,Sentinel-2B,24.97,21327,0.1069,0.0005,19063,0,2,0.0562,0,0,0,0.2495
coralita_orient_bay,Coralita to Orient Bay (French Saint-Martin),2025-01-05,partial,0.2062,0.0,0.0,0.0,5557.3,0,S2B_MSIL2A_20250105T144729_R139_T20QMF_20250105T181617,Sentinel-2B,24.97,27625,0.2062,0.0015,21959,0,6,0.0562,0,0,0,0.2495
oyster_pond_guana,Oyster Pond to Guana Bay Point,2025-01-10,observed,0.0999,0.0,0.0,0.0,3483.0,0,S2A_MSIL2A_20250110T144731_R139_T20QMF_20250110T181652,Sentinel-2A,27.34,19976,0.0999,0.0025,17990,0,1,0.0562,0,0,0,0.2848
guana_point_blanche_bay,Guana Bay Point to Point Blanche Bay,2025-01-10,blind,0.7154,0.0,0.0,0.0,3640.2,0,S2A_MSIL2A_20250110T144731_R139_T20QMF_20250110T181652,Sentinel-2A,27.34,21327,0.7154,0.0007,6008,0,0,0.0002,0,0,0,0.2848
coralita_orient_bay,Coralita to Orient Bay (French Saint-Martin),2025-01-10,observed,0.0516,0.0,0.0,0.0,5557.3,0,S2A_MSIL2A_20250110T144731_R139_T20QMF_20250110T181652,Sentinel-2A,27.34,27625,0.0516,0.0018,26182,1,8,1.0,0,0,0,0.2848
oyster_pond_guana,Oyster Pond to Guana Bay Point,2025-01-15,observed,0.1922,0.0,0.0,0.0,3483.0,0,S2B_MSIL2A_20250115T144729_R139_T20QMF_20250115T164115,Sentinel-2B,7.01,19976,0.1922,0.0161,16123,0,0,0.0002,0,0,0,0.1241
guana_point_blanche_bay,Guana Bay Point to Point Blanche Bay,2025-01-15,partial,0.2793,0.0,0.0,0.0,3640.2,0,S2B_MSIL2A_20250115T144729_R139_T20QMF_20250115T164115,Sentinel-2B,7.01,21327,0.2793,0.0137,15299,0,0,0.0004,0,0,0,0.1241
coralita_orient_bay,Coralita to Orient Bay (French Saint-Martin),2025-01-15,observed,0.026,0.0,0.0,0.0,5557.3,0,S2B_MSIL2A_20250115T144729_R139_T20QMF_20250115T164115,Sentinel-2B,7.01,27625,0.026,0.0,26898,0,0,0.0256,0,0,0,0.1241
oyster_pond_guana,Oyster Pond to Guana Bay Point,2025-01-20,observed,0.1249,0.0,0.0,0.0,3483.0,0,S2A_MSIL2A_20250120T144731_R139_T20QMF_20250120T182852,Sentinel-2A,2.59,19976,0.1249,0.0002,17489,0,1,0.0562,0,0,0,0.0574
guana_point_blanche_bay,Guana Bay Point to Point Blanche Bay,2025-01-20,observed,0.0048,0.0,0.0,0.0,3640.2,0,S2A_MSIL2A_20250120T144731_R139_T20QMF_20250120T182852,Sentinel-2A,2.59,21327,0.0048,0.0006,21223,0,1,0.0562,0,0,0,0.0574
coralita_orient_bay,Coralita to Orient Bay (French Saint-Martin),2025-01-20,observed,0.039,0.0,0.0,0.0,5557.3,0,S2A_MSIL2A_20250120T144731_R139_T20QMF_20250120T182852,Sentinel-2A,2.59,27625,0.039,0.0,26550,0,3,0.1071,0,0,0,0.0574
oyster_pond_guana,Oyster Pond to Guana Bay Point,2025-01-25,observed,0.0112,0.0,0.0,0.0,3483.0,0,S2B_MSIL2A_20250125T144729_R139_T20QMF_20250125T162846,Sentinel-2B,9.68,19976,0.0112,0.0001,19748,0,1,0.6,0,0,0,0.0783
guana_point_blanche_bay,Guana Bay Point to Point Blanche Bay,2025-01-25,partial,0.2163,0.0,0.0,0.0,3640.2,0,S2B_MSIL2A_20250125T144729_R139_T20QMF_20250125T162846,Sentinel-2B,9.68,21327,0.2163,0.0542,16747,0,34,0.119,0,1,0,0.0783
coralita_orient_bay,Coralita to Orient Bay (French Saint-Martin),2025-01-25,observed,0.0054,0.0,0.0,0.0,5557.3,0,S2B_MSIL2A_20250125T144729_R139_T20QMF_20250125T162846,Sentinel-2B,9.68,27625,0.0054,0.0,27474,0,3,0.4471,0,0,0,0.0783
oyster_pond_guana,Oyster Pond to Guana Bay Point,2025-01-30,observed,0.0033,0.0,0.0,0.0,3483.0,0,S2C_MSIL2A_20250130T144801_R139_T20QMF_20250130T162613,Sentinel-2C,24.41,19976,0.0033,0.0001,19910,0,0,0.0006,0,0,0,0.0059
guana_point_blanche_bay,Guana Bay Point to Point Blanche Bay,2025-01-30,observed,0.0083,0.0,0.0,0.0,3640.2,0,S2C_MSIL2A_20250130T144801_R139_T20QMF_20250130T162613,Sentinel-2C,24.41,21327,0.0083,0.0001,21148,0,4,0.4471,0,0,0,0.0059
coralita_orient_bay,Coralita to Orient Bay (French Saint-Martin),2025-01-30,observed,0.0047,0.0,0.0,0.0,5557.3,0,S2C_MSIL2A_20250130T144801_R139_T20QMF_20250130T162613,Sentinel-2C,24.41,27625,0.0047,0.0,27493,1,16,0.9,0,0,0,0.0059
oyster_pond_guana,Oyster Pond to Guana Bay Point,2025-02-09,blind,0.873,0.0,0.0,0.0,3483.0,0,S2C_MSIL2A_20250209T144801_R139_T20QMF_20250209T171010,Sentinel-2C,19.41,19976,0.873,0.0177,2484,0,0,0.0002,0,0,0,0.8063
guana_point_blanche_bay,Guana Bay Point to Point Blanche Bay,2025-02-09,partial,0.4858,0.0,0.0,0.0,3640.2,0,S2C_MSIL2A_20250209T144801_R139_T20QMF_20250209T171010,Sentinel-2C,19.41,21327,0.4858,0.0432,10938,0,2,0.0562,0,0,0,0.8063
coralita_orient_bay,Coralita to Orient Bay (French Saint-Martin),2025-02-09,blind,0.999,0.0,0.0,0.0,5557.3,0,S2C_MSIL2A_20250209T144801_R139_T20QMF_20250209T171010,Sentinel-2C,19.41,27625,0.999,0.0,23,0,0,0.0,0,0,0,0.8063
oyster_pond_guana,Oyster Pond to Guana Bay Point,2025-02-14,partial,0.2854,0.0,0.0,0.0,3483.0,0,S2B_MSIL2A_20250214T144739_R139_T20QMF_20250214T164302,Sentinel-2B,19.15,19976,0.2854,0.0022,14229,0,4,0.0562,0,0,0,0.3792
guana_point_blanche_bay,Guana Bay Point to Point Blanche Bay,2025-02-14,blind,0.8378,0.0,0.0,0.0,3640.2,0,S2B_MSIL2A_20250214T144739_R139_T20QMF_20250214T164302,Sentinel-2B,19.15,21327,0.8378,0.0009,3401,0,0,0.0002,0,0,0,0.3792
coralita_orient_bay,Coralita to Orient Bay (French Saint-Martin),2025-02-14,observed,0.1323,0.0,0.0,0.0,5557.3,0,S2B_MSIL2A_20250214T144739_R139_T20QMF_20250214T164302,Sentinel-2B,19.15,27625,0.1323,0.0,23991,0,0,0.0002,0,0,0,0.3792
oyster_pond_guana,Oyster Pond to Guana Bay Point,2025-02-19,observed,0.0695,0.0,0.0,0.0,3483.0,0,S2C_MSIL2A_20250219T144751_R139_T20QMF_20250219T164656,Sentinel-2C,28.82,19976,0.0695,0.0001,18583,1,5,1.0,0,0,0,0.2094
guana_point_blanche_bay,Guana Bay Point to Point Blanche Bay,2025-02-19,partial,0.4169,0.0,0.0,0.0,3640.2,0,S2C_MSIL2A_20250219T144751_R139_T20QMF_20250219T164656,Sentinel-2C,28.82,21327,0.4169,0.0002,12401,0,0,0.0004,0,0,0,0.2094
coralita_orient_bay,Coralita to Orient Bay (French Saint-Martin),2025-02-19,observed,0.1039,0.0,0.0,0.0,5557.3,0,S2C_MSIL2A_20250219T144751_R139_T20QMF_20250219T164656,Sentinel-2C,28.82,27625,0.1039,0.0006,24727,0,20,0.6002,0,0,0,0.2094
oyster_pond_guana,Oyster Pond to Guana Bay Point,2025-02-24,observed,0.0181,0.0,0.0,0.0,3483.0,0,S2B_MSIL2A_20250224T144739_R139_T20QMF_20250224T182607,Sentinel-2B,1.88,19976,0.0181,0.0062,19624,0,0,0.0006,0,0,0,0.0162
guana_point_blanche_bay,Guana Bay Point to Point Blanche Bay,2025-02-24,observed,0.0004,0.0,0.0,0.0,3640.2,0,S2B_MSIL2A_20250224T144739_R139_T20QMF_20250224T182607,Sentinel-2B,1.88,21327,0.0004,0.0008,21319,0,1,0.0562,0,0,0,0.0162
coralita_orient_bay,Coralita to Orient Bay (French Saint-Martin),2025-02-24,observed,0.0247,0.0,0.0,0.0,5557.3,0,S2B_MSIL2A_20250224T144739_R139_T20QMF_20250224T182607,Sentinel-2B,1.88,27625,0.0247,0.0001,26963,0,1,0.1165,0,0,0,0.0162
oyster_pond_guana,Oyster Pond to Guana Bay Point,2025-03-01,observed,0.032,0.0,0.0,0.0,3483.0,0,S2C_MSIL2A_20250301T144751_R139_T20QMF_20250301T163253,Sentinel-2C,2.32,19976,0.032,0.0002,19343,0,0,0.0002,0,0,0,0.0178
guana_point_blanche_bay,Guana Bay Point to Point Blanche Bay,2025-03-01,observed,0.0006,0.0,0.0,0.0,3640.2,0,S2C_MSIL2A_20250301T144751_R139_T20QMF_20250301T163253,Sentinel-2C,2.32,21327,0.0006,0.0,21313,0,0,0.0039,0,0,0,0.0178
coralita_orient_bay,Coralita to Orient Bay (French Saint-Martin),2025-03-01,observed,0.0173,0.0,0.0,0.0,5557.3,0,S2C_MSIL2A_20250301T144751_R139_T20QMF_20250301T163253,Sentinel-2C,2.32,27625,0.0173,0.0,27139,0,2,0.7,0,0,0,0.0178
oyster_pond_guana,Oyster Pond to Guana Bay Point,2025-03-06,blind,1.0,0.0,0.0,0.0,3483.0,0,S2B_MSIL2A_20250306T144739_R139_T20QMF_20250306T182600,Sentinel-2B,91.36,19976,1.0,,0,0,0,,0,0,0,0.9817
guana_point_blanche_bay,Guana Bay Point to Point Blanche Bay,2025-03-06,blind,0.9991,0.0,0.0,0.0,3640.2,0,S2B_MSIL2A_20250306T144739_R139_T20QMF_20250306T182600,Sentinel-2B,91.36,21327,0.9991,0.0,20,0,0,0.0,0,0,0,0.9817
coralita_orient_bay,Coralita to Orient Bay (French Saint-Martin),2025-03-06,blind,0.9578,0.0,0.0,0.0,5557.3,0,S2B_MSIL2A_20250306T144739_R139_T20QMF_20250306T182600,Sentinel-2B,91.36,27625,0.9578,0.0018,1133,0,0,0.0001,0,0,0,0.9817
oyster_pond_guana,Oyster Pond to Guana Bay Point,2025-03-11,observed,0.0,0.0,0.0,0.0,3483.0,0,S2C_MSIL2A_20250311T144751_R139_T20QMF_20250311T181819,Sentinel-2C,11.92,19976,0.0,0.0001,19976,0,2,0.0562,0,0,0,0.0025
guana_point_blanche_bay,Guana Bay Point to Point Blanche Bay,2025-03-11,observed,0.0,0.0,0.0,0.0,3640.2,0,S2C_MSIL2A_20250311T144751_R139_T20QMF_20250311T181819,Sentinel-2C,11.92,21327,0.0,0.0,21327,1,3,1.0,0,0,0,0.0025
coralita_orient_bay,Coralita to Orient Bay (French Saint-Martin),2025-03-11,observed,0.0057,0.0,0.0,0.0,5557.3,0,S2C_MSIL2A_20250311T144751_R139_T20QMF_20250311T181819,Sentinel-2C,11.92,27625,0.0057,0.0001,27466,0,4,0.7,0,0,0,0.0025
oyster_pond_guana,Oyster Pond to Guana Bay Point,2025-03-13,observed,0.0,0.0,0.0,0.0,3483.0,0,S2A_MSIL2A_20250313T144741_R139_T20QMF_20250313T180722,Sentinel-2A,0.3,19976,0.0,0.0002,19976,0,0,0.0004,0,0,0,0.0056
guana_point_blanche_bay,Guana Bay Point to Point Blanche Bay,2025-03-13,observed,0.0,0.0,0.0,0.0,3640.2,0,S2A_MSIL2A_20250313T144741_R139_T20QMF_20250313T180722,Sentinel-2A,0.3,21327,0.0,0.0002,21327,3,5,1.0,0,0,0,0.0056
coralita_orient_bay,Coralita to Orient Bay (French Saint-Martin),2025-03-13,observed,0.0127,0.0,0.0,0.0,5557.3,0,S2A_MSIL2A_20250313T144741_R139_T20QMF_20250313T180722,Sentinel-2A,0.3,27625,0.0127,0.0001,27269,0,0,0.0004,0,0,0,0.0056
oyster_pond_guana,Oyster Pond to Guana Bay Point,2025-03-16,observed,0.0325,0.0,0.0,0.0,3483.0,0,S2B_MSIL2A_20250316T144729_R139_T20QMF_20250316T200925,Sentinel-2B,3.55,19976,0.0325,0.0163,19331,0,4,0.0562,0,0,0,0.1609
guana_point_blanche_bay,Guana Bay Point to Point Blanche Bay,2025-03-16,partial,0.4329,0.0,0.0,0.0,3640.2,0,S2B_MSIL2A_20250316T144729_R139_T20QMF_20250316T200925,Sentinel-2B,3.55,21327,0.4329,0.0307,12064,0,9,0.0562,0,0,0,0.1609
coralita_orient_bay,Coralita to Orient Bay (French Saint-Martin),2025-03-16,observed,0.0123,0.0,0.0,0.0,5557.3,0,S2B_MSIL2A_20250316T144729_R139_T20QMF_20250316T200925,Sentinel-2B,3.55,27625,0.0123,0.0001,27282,0,0,0.0256,0,0,0,0.1609
oyster_pond_guana,Oyster Pond to Guana Bay Point,2025-03-21,partial,0.6484,0.0,0.0,0.0,3483.0,0,S2C_MSIL2A_20250321T144751_R139_T20QMF_20250321T173211,Sentinel-2C,23.3,19976,0.6484,0.0289,6947,0,3,0.119,0,0,0,0.4077
guana_point_blanche_bay,Guana Bay Point to Point Blanche Bay,2025-03-21,partial,0.2727,0.0,0.0,0.0,3640.2,0,S2C_MSIL2A_20250321T144751_R139_T20QMF_20250321T173211,Sentinel-2C,23.3,21327,0.2727,0.0421,15496,0,1,0.0562,0,0,0,0.4077
coralita_orient_bay,Coralita to Orient Bay (French Saint-Martin),2025-03-21,partial,0.3647,0.0,0.0,0.0,5557.3,0,S2C_MSIL2A_20250321T144751_R139_T20QMF_20250321T173211,Sentinel-2C,23.3,27625,0.3647,0.0017,17514,0,3,0.1935,0,0,0,0.4077
oyster_pond_guana,Oyster Pond to Guana Bay Point,2025-03-23,observed,0.0027,0.0,0.0,0.0,3483.0,0,S2A_MSIL2A_20250323T144751_R139_T20QMF_20250323T162616,Sentinel-2A,3.88,19976,0.0027,0.0018,19922,0,0,0.0004,0,0,0,0.0126
guana_point_blanche_bay,Guana Bay Point to Point Blanche Bay,2025-03-23,observed,0.0011,0.0,0.0,0.0,3640.2,0,S2A_MSIL2A_20250323T144751_R139_T20QMF_20250323T162616,Sentinel-2A,3.88,21327,0.0011,0.0006,21303,4,13,1.0,0,0,0,0.0126
coralita_orient_bay,Coralita to Orient Bay (French Saint-Martin),2025-03-23,observed,0.0258,0.0,0.0,0.0,5557.3,0,S2A_MSIL2A_20250323T144751_R139_T20QMF_20250323T162616,Sentinel-2A,3.88,27625,0.0258,0.0004,26902,0,8,0.1935,0,0,0,0.0126
oyster_pond_guana,Oyster Pond to Guana Bay Point,2025-03-26,observed,0.0081,0.0,0.0,0.0,3483.0,0,S2B_MSIL2A_20250326T144729_R139_T20QMF_20250326T181956,Sentinel-2B,18.36,19976,0.0081,0.0002,19812,1,2,1.0,0,0,0,0.007
guana_point_blanche_bay,Guana Bay Point to Point Blanche Bay,2025-03-26,observed,0.0019,0.0,0.0,0.0,3640.2,0,S2B_MSIL2A_20250326T144729_R139_T20QMF_20250326T181956,Sentinel-2B,18.36,21327,0.0019,0.0,21285,0,1,0.119,0,0,0,0.007
coralita_orient_bay,Coralita to Orient Bay (French Saint-Martin),2025-03-26,observed,0.0093,0.0,0.0,0.0,5557.3,0,S2B_MSIL2A_20250326T144729_R139_T20QMF_20250326T181956,Sentinel-2B,18.36,27625,0.0093,0.0001,27369,0,5,0.119,0,0,0,0.007
oyster_pond_guana,Oyster Pond to Guana Bay Point,2025-03-31,blind,1.0,0.0,0.0,0.0,3483.0,0,S2C_MSIL2A_20250331T144751_R139_T20QMF_20250331T195214,Sentinel-2C,40.36,19976,1.0,,0,0,0,,0,0,0,0.9214
guana_point_blanche_bay,Guana Bay Point to Point Blanche Bay,2025-03-31,blind,1.0,0.0,0.0,0.0,3640.2,0,S2C_MSIL2A_20250331T144751_R139_T20QMF_20250331T195214,Sentinel-2C,40.36,21327,1.0,,0,0,0,,0,0,0,0.9214
coralita_orient_bay,Coralita to Orient Bay (French Saint-Martin),2025-03-31,blind,0.8205,0.0,0.0,0.0,5557.3,0,S2C_MSIL2A_20250331T144751_R139_T20QMF_20250331T195214,Sentinel-2C,40.36,27625,0.8205,0.0016,4959,0,0,0.0002,0,0,0,0.9214
oyster_pond_guana,Oyster Pond to Guana Bay Point,2025-04-02,observed,0.0466,0.0,0.0,0.0,3483.0,0,S2A_MSIL2A_20250402T144741_R139_T20QMF_20250402T235317,Sentinel-2A,8.79,19976,0.0466,0.0086,19052,0,27,0.0562,0,0,0,0.0296
guana_point_blanche_bay,Guana Bay Point to Point Blanche Bay,2025-04-02,observed,0.0098,0.0,0.0,0.0,3640.2,0,S2A_MSIL2A_20250402T144741_R139_T20QMF_20250402T235317,Sentinel-2A,8.79,21327,0.0098,0.0,21115,0,0,0.0006,0,0,0,0.0296
coralita_orient_bay,Coralita to Orient Bay (French Saint-Martin),2025-04-02,observed,0.0274,0.0,0.0,0.0,5557.3,0,S2A_MSIL2A_20250402T144741_R139_T20QMF_20250402T235317,Sentinel-2A,8.79,27625,0.0274,0.0003,26863,0,15,0.4471,0,0,0,0.0296
oyster_pond_guana,Oyster Pond to Guana Bay Point,2025-04-05,blind,0.9469,0.0,0.0,0.0,3483.0,0,S2B_MSIL2A_20250405T144729_R139_T20QMF_20250405T181327,Sentinel-2B,23.26,19976,0.9469,0.0048,1044,0,0,0.0002,0,0,0,0.6916
guana_point_blanche_bay,Guana Bay Point to Point Blanche Bay,2025-04-05,blind,0.7433,0.0,0.0,0.0,3640.2,0,S2B_MSIL2A_20250405T144729_R139_T20QMF_20250405T181327,Sentinel-2B,23.26,21327,0.7433,0.0031,5508,0,0,0.0002,0,0,0,0.6916
coralita_orient_bay,Coralita to Orient Bay (French Saint-Martin),2025-04-05,partial,0.508,0.0,0.0,0.0,5557.3,0,S2B_MSIL2A_20250405T144729_R139_T20QMF_20250405T181327,Sentinel-2B,23.26,27625,0.508,0.0013,13555,0,0,0.0002,0,0,0,0.6916
oyster_pond_guana,Oyster Pond to Guana Bay Point,2025-04-10,partial,0.3721,0.0,0.0,0.0,3483.0,0,S2C_MSIL2A_20250410T144751_R139_T20QMF_20250410T192413,Sentinel-2C,23.51,19976,0.3721,0.0079,12551,0,3,0.0562,0,0,0,0.5206
guana_point_blanche_bay,Guana Bay Point to Point Blanche Bay,2025-04-10,blind,0.9016,0.0,0.0,0.0,3640.2,0,S2C_MSIL2A_20250410T144751_R139_T20QMF_20250410T192413,Sentinel-2C,23.51,21327,0.9016,0.0038,2078,0,0,0.0001,0,0,0,0.5206
coralita_orient_bay,Coralita to Orient Bay (French Saint-Martin),2025-04-10,partial,0.3601,0.0,0.0,0.0,5557.3,0,S2C_MSIL2A_20250410T144751_R139_T20QMF_20250410T192413,Sentinel-2C,23.51,27625,0.3601,0.0005,17696,0,1,0.0562,0,0,0,0.5206
oyster_pond_guana,Oyster Pond to Guana Bay Point,2025-04-12,blind,0.9458,0.0,0.0,0.0,3483.0,0,S2A_MSIL2A_20250412T144751_R139_T20QMF_20250412T212013,Sentinel-2A,11.35,19976,0.9458,0.3541,1073,0,0,0.0001,0,0,0,0.9464
guana_point_blanche_bay,Guana Bay Point to Point Blanche Bay,2025-04-12,blind,0.9329,0.0,0.0,0.0,3640.2,0,S2A_MSIL2A_20250412T144751_R139_T20QMF_20250412T212013,Sentinel-2A,11.35,21327,0.9329,0.4909,1430,0,0,0.0001,0,0,0,0.9464
coralita_orient_bay,Coralita to Orient Bay (French Saint-Martin),2025-04-12,blind,0.9578,0.0,0.0,0.0,5557.3,0,S2A_MSIL2A_20250412T144751_R139_T20QMF_20250412T212013,Sentinel-2A,11.35,27625,0.9578,0.0321,1123,0,0,0.0,0,0,0,0.9464
oyster_pond_guana,Oyster Pond to Guana Bay Point,2025-04-15,observed,0.075,0.0,0.0,0.0,3483.0,0,S2B_MSIL2A_20250415T144729_R139_T20QMF_20250415T181435,Sentinel-2B,2.8,19976,0.075,0.0072,18493,0,32,0.0562,0,0,0,0.0327
guana_point_blanche_bay,Guana Bay Point to Point Blanche Bay,2025-04-15,observed,0.0002,0.001258,5000.0,1756.3,3640.2,2,S2B_MSIL2A_20250415T144729_R139_T20QMF_20250415T181435,Sentinel-2B,2.8,21327,0.0002,0.0141,21323,40,24,1.0,0,27,26,0.0327
coralita_orient_bay,Coralita to Orient Bay (French Saint-Martin),2025-04-15,observed,0.0208,0.000629,3500.0,1365.1,5557.3,1,S2B_MSIL2A_20250415T144729_R139_T20QMF_20250415T181435,Sentinel-2B,2.8,27625,0.0208,0.0033,27045,25,59,1.0,0,9,6,0.0327
oyster_pond_guana,Oyster Pond to Guana Bay Point,2025-04-20,blind,1.0,0.0,0.0,0.0,3483.0,0,S2C_MSIL2A_20250420T144751_R139_T20QMF_20250420T195812,Sentinel-2C,45.43,19976,1.0,,0,0,0,,0,0,0,0.8825
guana_point_blanche_bay,Guana Bay Point to Point Blanche Bay,2025-04-20,blind,1.0,0.0,0.0,0.0,3640.2,0,S2C_MSIL2A_20250420T144751_R139_T20QMF_20250420T195812,Sentinel-2C,45.43,21327,1.0,,0,0,0,,0,0,0,0.8825
coralita_orient_bay,Coralita to Orient Bay (French Saint-Martin),2025-04-20,blind,0.7307,0.0,0.0,0.0,5557.3,0,S2C_MSIL2A_20250420T144751_R139_T20QMF_20250420T195812,Sentinel-2C,45.43,27625,0.7307,0.0304,7413,0,0,0.0002,0,0,0,0.8825
oyster_pond_guana,Oyster Pond to Guana Bay Point,2025-04-22,observed,0.0114,0.0,0.0,0.0,3483.0,0,S2A_MSIL2A_20250422T144741_R139_T20QMF_20250423T004414,Sentinel-2A,4.8,19976,0.0114,0.0002,19745,0,1,0.0562,0,0,0,0.004
guana_point_blanche_bay,Guana Bay Point to Point Blanche Bay,2025-04-22,observed,0.0,0.0,0.0,0.0,3640.2,0,S2A_MSIL2A_20250422T144741_R139_T20QMF_20250423T004414,Sentinel-2A,4.8,21327,0.0,0.0,21327,0,0,0.0004,0,0,0,0.004
coralita_orient_bay,Coralita to Orient Bay (French Saint-Martin),2025-04-22,observed,0.0009,0.0,0.0,0.0,5557.3,0,S2A_MSIL2A_20250422T144741_R139_T20QMF_20250423T004414,Sentinel-2A,4.8,27625,0.0009,0.0003,27601,0,8,0.4471,0,0,0,0.004
oyster_pond_guana,Oyster Pond to Guana Bay Point,2025-04-25,observed,0.0002,0.0,0.0,0.0,3483.0,0,S2B_MSIL2A_20250425T144729_R139_T20QMF_20250425T182120,Sentinel-2B,31.83,19976,0.0002,0.0006,19972,0,6,0.4,0,1,0,0.0093
guana_point_blanche_bay,Guana Bay Point to Point Blanche Bay,2025-04-25,observed,0.0001,0.001937,7700.0,1784.6,3640.2,2,S2B_MSIL2A_20250425T144729_R139_T20QMF_20250425T182120,Sentinel-2B,31.83,21327,0.0001,0.0027,21324,47,11,1.0,0,30,29,0.0093
coralita_orient_bay,Coralita to Orient Bay (French Saint-Martin),2025-04-25,observed,0.0207,0.001258,7000.0,2875.0,5557.3,2,S2B_MSIL2A_20250425T144729_R139_T20QMF_20250425T182120,Sentinel-2B,31.83,27625,0.0207,0.0025,27045,35,65,1.0,0,18,10,0.0093
oyster_pond_guana,Oyster Pond to Guana Bay Point,2025-04-30,blind,1.0,0.0,0.0,0.0,3483.0,0,S2C_MSIL2A_20250430T144751_R139_T20QMF_20250430T174108,Sentinel-2C,38.0,19976,1.0,,0,0,0,,0,0,0,0.9952
guana_point_blanche_bay,Guana Bay Point to Point Blanche Bay,2025-04-30,blind,1.0,0.0,0.0,0.0,3640.2,0,S2C_MSIL2A_20250430T144751_R139_T20QMF_20250430T174108,Sentinel-2C,38.0,21327,1.0,,0,0,0,,0,0,0,0.9952
coralita_orient_bay,Coralita to Orient Bay (French Saint-Martin),2025-04-30,blind,0.9892,0.000216,1200.0,1328.2,5557.3,1,S2C_MSIL2A_20250430T144751_R139_T20QMF_20250430T174108,Sentinel-2C,38.0,27625,0.9892,0.053,302,7,6,1.0,0,11,4,0.9952
oyster_pond_guana,Oyster Pond to Guana Bay Point,2025-05-02,partial,0.5116,0.0,0.0,0.0,3483.0,0,S2A_MSIL2A_20250502T144751_R139_T20QMF_20250502T204010,Sentinel-2A,35.77,19976,0.5116,0.6261,9755,0,75,0.0562,0,0,0,0.7414
guana_point_blanche_bay,Guana Bay Point to Point Blanche Bay,2025-05-02,partial,0.477,0.000101,400.0,502.1,3640.2,1,S2A_MSIL2A_20250502T144751_R139_T20QMF_20250502T204010,Sentinel-2A,35.77,21327,0.477,0.7087,11163,4,547,1.0,0,1,0,0.7414
coralita_orient_bay,Coralita to Orient Bay (French Saint-Martin),2025-05-02,blind,0.9659,0.0,0.0,0.0,5557.3,0,S2A_MSIL2A_20250502T144751_R139_T20QMF_20250502T204010,Sentinel-2A,35.77,27625,0.9659,0.7047,928,0,29,0.0562,0,0,0,0.7414
oyster_pond_guana,Oyster Pond to Guana Bay Point,2025-05-05,observed,0.0006,0.004516,18382.3,2684.9,3483.0,6,S2B_MSIL2A_20250505T144729_R139_T20QMF_20250505T181100,Sentinel-2B,15.97,19976,0.0006,0.0076,19964,97,65,1.0,0,42,38,0.0121
guana_point_blanche_bay,Guana Bay Point to Point Blanche Bay,2025-05-05,observed,0.0278,0.004246,16881.4,3169.8,3640.2,5,S2B_MSIL2A_20250505T144729_R139_T20QMF_20250505T181100,Sentinel-2B,15.97,21327,0.0278,0.0609,20730,83,163,1.0,0,110,48,0.0121
coralita_orient_bay,Coralita to Orient Bay (French Saint-Martin),2025-05-05,observed,0.0056,0.007078,39400.0,3903.8,5557.3,8,S2B_MSIL2A_20250505T144729_R139_T20QMF_20250505T181100,Sentinel-2B,15.97,27625,0.0056,0.0137,27470,223,204,1.0,0,201,138,0.0121
oyster_pond_guana,Oyster Pond to Guana Bay Point,2025-05-10,observed,0.0268,0.002064,8400.0,1323.8,3483.0,2,S2C_MSIL2A_20250510T144751_R139_T20QMF_20250510T202415,Sentinel-2C,5.46,19976,0.0268,0.0074,19432,53,77,1.0,0,10,8,0.0136
guana_point_blanche_bay,Guana Bay Point to Point Blanche Bay,2025-05-10,observed,0.0005,0.001951,7757.1,2340.8,3640.2,4,S2C_MSIL2A_20250510T144751_R139_T20QMF_20250510T202415,Sentinel-2C,5.46,21327,0.0005,0.0102,21317,61,131,1.0,0,109,33,0.0136
coralita_orient_bay,Coralita to Orient Bay (French Saint-Martin),2025-05-10,observed,0.0109,0.000898,5000.0,2977.3,5557.3,4,S2C_MSIL2A_20250510T144751_R139_T20QMF_20250510T202415,Sentinel-2C,5.46,27625,0.0109,0.0063,27319,34,84,1.0,0,15,12,0.0136
oyster_pond_guana,Oyster Pond to Guana Bay Point,2025-05-12,partial,0.2953,0.0,0.0,0.0,3483.0,0,S2A_MSIL2A_20250512T144741_R139_T20QMF_20250512T214317,Sentinel-2A,37.37,19976,0.2953,0.0355,14110,0,66,0.1765,0,18,0,0.5387
guana_point_blanche_bay,Guana Bay Point to Point Blanche Bay,2025-05-12,partial,0.5186,0.0,0.0,0.0,3640.2,0,S2A_MSIL2A_20250512T144741_R139_T20QMF_20250512T214317,Sentinel-2A,37.37,21327,0.5186,0.038,10246,0,26,0.1165,0,0,0,0.5387
coralita_orient_bay,Coralita to Orient Bay (French Saint-Martin),2025-05-12,partial,0.6212,0.0,0.0,0.0,5557.3,0,S2A_MSIL2A_20250512T144741_R139_T20QMF_20250512T214317,Sentinel-2A,37.37,27625,0.6212,0.0076,10507,0,0,0.0006,0,2,0,0.5387
oyster_pond_guana,Oyster Pond to Guana Bay Point,2025-05-15,observed,0.0424,0.004025,16382.3,1413.7,3483.0,3,S2B_MSIL2A_20250515T144729_R139_T20QMF_20250515T182215,Sentinel-2B,36.86,19976,0.0424,0.0308,19117,99,94,1.0,0,52,48,0.2258
guana_point_blanche_bay,Guana Bay Point to Point Blanche Bay,2025-05-15,observed,0.0057,0.005943,23628.3,2860.4,3640.2,4,S2B_MSIL2A_20250515T144729_R139_T20QMF_20250515T182215,Sentinel-2B,36.86,21327,0.0057,0.0225,21204,144,188,1.0,0,251,115,0.2258
coralita_orient_bay,Coralita to Orient Bay (French Saint-Martin),2025-05-15,partial,0.4831,0.00079,4400.0,2227.2,5557.3,3,S2B_MSIL2A_20250515T144729_R139_T20QMF_20250515T182215,Sentinel-2B,36.86,27625,0.4831,0.0114,14344,41,74,1.0,0,31,11,0.2258
oyster_pond_guana,Oyster Pond to Guana Bay Point,2025-05-20,observed,0.0008,0.003194,13000.0,3363.1,3483.0,6,S2C_MSIL2A_20250520T144751_R139_T20QMF_20250520T180712,Sentinel-2C,3.84,19976,0.0008,0.0311,19959,95,219,1.0,0,135,53,0.0037
guana_point_blanche_bay,Guana Bay Point to Point Blanche Bay,2025-05-20,observed,0.0001,0.003144,12500.0,2156.2,3640.2,3,S2C_MSIL2A_20250520T144751_R139_T20QMF_20250520T180712,Sentinel-2C,3.84,21327,0.0001,0.0252,21324,81,226,1.0,0,277,54,0.0037
coralita_orient_bay,Coralita to Orient Bay (French Saint-Martin),2025-05-20,observed,0.0077,0.002982,16600.0,3661.9,5557.3,6,S2C_MSIL2A_20250520T144751_R139_T20QMF_20250520T180712,Sentinel-2C,3.84,27625,0.0077,0.0153,27411,127,166,1.0,0,146,71,0.0037
oyster_pond_guana,Oyster Pond to Guana Bay Point,2025-05-22,blind,0.7859,0.00059,2400.0,565.3,3483.0,1,S2A_MSIL2A_20250522T144751_R139_T20QMF_20250522T193811,Sentinel-2A,19.56,19976,0.7859,0.0651,4238,15,24,1.0,0,22,4,0.6206
guana_point_blanche_bay,Guana Bay Point to Point Blanche Bay,2025-05-22,partial,0.4826,0.000604,2400.0,956.5,3640.2,1,S2A_MSIL2A_20250522T144751_R139_T20QMF_20250522T193811,Sentinel-2A,19.56,21327,0.4826,0.1053,11036,17,107,1.0,0,137,4,0.6206
coralita_orient_bay,Coralita to Orient Bay (French Saint-Martin),2025-05-22,partial,0.5354,7.2e-05,400.0,1279.4,5557.3,1,S2A_MSIL2A_20250522T144751_R139_T20QMF_20250522T193811,Sentinel-2A,19.56,27625,0.5354,0.0559,12891,5,59,1.0,0,0,0,0.6206
oyster_pond_guana,Oyster Pond to Guana Bay Point,2025-05-25,observed,0.1326,0.005668,23072.4,627.1,3483.0,4,S2B_MSIL2A_20250525T144729_R139_T20QMF_20250525T182145,Sentinel-2B,10.69,19976,0.1326,0.1243,17341,141,321,1.0,0,330,114,0.2956
guana_point_blanche_bay,Guana Bay Point to Point Blanche Bay,2025-05-25,partial,0.3065,0.0,0.0,0.0,3640.2,0,S2B_MSIL2A_20250525T144729_R139_T20QMF_20250525T182145,Sentinel-2B,10.69,21327,0.3065,0.1213,14762,0,86,0.4471,0,192,0,0.2956
coralita_orient_bay,Coralita to Orient Bay (French Saint-Martin),2025-05-25,partial,0.3616,0.00203,11300.0,4125.9,5557.3,7,S2B_MSIL2A_20250525T144729_R139_T20QMF_20250525T182145,Sentinel-2B,10.69,27625,0.3616,0.0322,17556,71,185,1.0,0,65,16,0.2956
oyster_pond_guana,Oyster Pond to Guana Bay Point,2025-05-30,partial,0.2336,0.0,0.0,0.0,3483.0,0,S2C_MSIL2A_20250530T144751_R139_T20QMF_20250530T175416,Sentinel-2C,92.92,19976,0.2336,0.1069,15304,0,30,0.4,0,0,0,0.4068
guana_point_blanche_bay,Guana Bay Point to Point Blanche Bay,2025-05-30,observed,0.1543,0.0,0.0,0.0,3640.2,0,S2C_MSIL2A_20250530T144751_R139_T20QMF_20250530T175416,Sentinel-2C,92.92,21327,0.1543,0.1154,18027,0,312,0.1935,0,203,0,0.4068
coralita_orient_bay,Coralita to Orient Bay (French Saint-Martin),2025-05-30,partial,0.643,0.0,0.0,0.0,5557.3,0,S2C_MSIL2A_20250530T144751_R139_T20QMF_20250530T175416,Sentinel-2C,92.92,27625,0.643,0.0191,9926,0,46,0.4471,0,0,0,0.4068
oyster_pond_guana,Oyster Pond to Guana Bay Point,2025-06-01,blind,1.0,0.0,0.0,0.0,3483.0,0,S2A_MSIL2A_20250601T144751_R139_T20QMF_20250601T211712,Sentinel-2A,72.59,19976,1.0,,0,0,0,,0,0,0,1.0
guana_point_blanche_bay,Guana Bay Point to Point Blanche Bay,2025-06-01,blind,1.0,0.0,0.0,0.0,3640.2,0,S2A_MSIL2A_20250601T144751_R139_T20QMF_20250601T211712,Sentinel-2A,72.59,21327,1.0,,0,0,0,,0,0,0,1.0
coralita_orient_bay,Coralita to Orient Bay (French Saint-Martin),2025-06-01,blind,1.0,0.0,0.0,0.0,5557.3,0,S2A_MSIL2A_20250601T144751_R139_T20QMF_20250601T211712,Sentinel-2A,72.59,27625,1.0,,0,0,0,,0,0,0,1.0
oyster_pond_guana,Oyster Pond to Guana Bay Point,2025-06-04,partial,0.473,0.001499,6100.0,1207.4,3483.0,3,S2B_MSIL2A_20250604T144729_R139_T20QMF_20250604T200647,Sentinel-2B,8.36,19976,0.473,0.0767,10504,44,104,1.0,0,17,3,0.1741
guana_point_blanche_bay,Guana Bay Point to Point Blanche Bay,2025-06-04,observed,0.0933,0.001836,7300.0,1147.2,3640.2,4,S2B_MSIL2A_20250604T144729_R139_T20QMF_20250604T200647,Sentinel-2B,8.36,21327,0.0933,0.1125,19310,54,319,1.0,0,222,2,0.1741
coralita_orient_bay,Coralita to Orient Bay (French Saint-Martin),2025-06-04,observed,0.0131,0.003711,20658.4,4344.9,5557.3,10,S2B_MSIL2A_20250604T144729_R139_T20QMF_20250604T200647,Sentinel-2B,8.36,27625,0.0131,0.0166,27258,167,240,1.0,0,69,39,0.1741
oyster_pond_guana,Oyster Pond to Guana Bay Point,2025-06-09,blind,1.0,0.0,0.0,0.0,3483.0,0,S2C_MSIL2A_20250609T144751_R139_T20QMF_20250609T192712,Sentinel-2C,47.59,19976,1.0,,0,0,0,,0,0,0,0.8517
guana_point_blanche_bay,Guana Bay Point to Point Blanche Bay,2025-06-09,partial,0.562,0.0,0.0,0.0,3640.2,0,S2C_MSIL2A_20250609T144751_R139_T20QMF_20250609T192712,Sentinel-2C,47.59,21327,0.562,0.0623,9355,0,90,0.4471,0,43,0,0.8517
coralita_orient_bay,Coralita to Orient Bay (French Saint-Martin),2025-06-09,blind,1.0,0.0,0.0,0.0,5557.3,0,S2C_MSIL2A_20250609T144751_R139_T20QMF_20250609T192712,Sentinel-2C,47.59,27625,1.0,,0,0,0,,0,0,0,0.8517
oyster_pond_guana,Oyster Pond to Guana Bay Point,2025-06-11,observed,0.0902,0.0,0.0,0.0,3483.0,0,S2A_MSIL2A_20250611T144751_R139_T20QMF_20250611T203916,Sentinel-2A,12.71,19976,0.0902,0.0594,18188,2,236,1.0,0,30,1,0.0547
guana_point_blanche_bay,Guana Bay Point to Point Blanche Bay,2025-06-11,observed,0.0117,0.0,0.0,0.0,3640.2,0,S2A_MSIL2A_20250611T144751_R139_T20QMF_20250611T203916,Sentinel-2A,12.71,21327,0.0117,0.0555,21073,0,331,0.6,0,158,0,0.0547
coralita_orient_bay,Coralita to Orient Bay (French Saint-Martin),2025-06-11,observed,0.0515,0.0,0.0,0.0,5557.3,0,S2A_MSIL2A_20250611T144751_R139_T20QMF_20250611T203916,Sentinel-2A,12.71,27625,0.0515,0.0487,26207,1,302,1.0,0,73,0,0.0547
oyster_pond_guana,Oyster Pond to Guana Bay Point,2025-06-19,observed,0.0254,0.002039,8300.0,3407.5,3483.0,5,S2C_MSIL2A_20250619T144751_R139_T20QMF_20250619T192802,Sentinel-2C,4.68,19976,0.0254,0.0142,19461,70,120,1.0,0,18,10,0.025
guana_point_blanche_bay,Guana Bay Point to Point Blanche Bay,2025-06-19,observed,0.0214,0.000786,3123.9,1172.6,3640.2,3,S2C_MSIL2A_20250619T144751_R139_T20QMF_20250619T192802,Sentinel-2C,4.68,21327,0.0214,0.0323,20870,30,131,1.0,0,69,8,0.025
coralita_orient_bay,Coralita to Orient Bay (French Saint-Martin),2025-06-19,observed,0.0221,0.019071,106155.9,4708.7,5557.3,9,S2C_MSIL2A_20250619T144751_R139_T20QMF_20250619T192802,Sentinel-2C,4.68,27625,0.0221,0.0287,27008,449,217,1.0,0,359,294,0.025
oyster_pond_guana,Oyster Pond to Guana Bay Point,2025-06-21,partial,0.2139,0.000516,2100.0,1815.8,3483.0,2,S2A_MSIL2A_20250621T144741_R139_T20QMF_20250621T214405,Sentinel-2A,23.62,19976,0.2139,0.0256,15684,17,95,1.0,0,14,2,0.2818
guana_point_blanche_bay,Guana Bay Point to Point Blanche Bay,2025-06-21,partial,0.2907,0.000377,1500.0,449.9,3640.2,1,S2A_MSIL2A_20250621T144741_R139_T20QMF_20250621T214405,Sentinel-2A,23.62,21327,0.2907,0.0216,15126,11,185,1.0,0,143,2,0.2818
coralita_orient_bay,Coralita to Orient Bay (French Saint-Martin),2025-06-21,partial,0.2642,0.003413,19000.0,2908.7,5557.3,3,S2A_MSIL2A_20250621T144741_R139_T20QMF_20250621T214405,Sentinel-2A,23.62,27625,0.2642,0.0596,20328,114,352,1.0,0,133,50,0.2818
oyster_pond_guana,Oyster Pond to Guana Bay Point,2025-06-24,blind,1.0,0.0,0.0,0.0,3483.0,0,S2B_MSIL2A_20250624T144729_R139_T20QMF_20250624T181820,Sentinel-2B,98.02,19976,1.0,,0,0,0,,0,0,0,1.0
guana_point_blanche_bay,Guana Bay Point to Point Blanche Bay,2025-06-24,blind,1.0,0.0,0.0,0.0,3640.2,0,S2B_MSIL2A_20250624T144729_R139_T20QMF_20250624T181820,Sentinel-2B,98.02,21327,1.0,,0,0,0,,0,0,0,1.0
coralita_orient_bay,Coralita to Orient Bay (French Saint-Martin),2025-06-24,blind,1.0,0.0,0.0,0.0,5557.3,0,S2B_MSIL2A_20250624T144729_R139_T20QMF_20250624T181820,Sentinel-2B,98.02,27625,1.0,,0,0,0,,0,0,0,1.0
oyster_pond_guana,Oyster Pond to Guana Bay Point,2025-06-29,observed,0.012,0.0,0.0,0.0,3483.0,0,S2C_MSIL2A_20250629T144751_R139_T20QMF_20250629T174615,Sentinel-2C,1.68,19976,0.012,0.097,19736,26,409,1.0,0,169,12,0.0158
guana_point_blanche_bay,Guana Bay Point to Point Blanche Bay,2025-06-29,observed,0.0021,0.000302,1200.0,2749.2,3640.2,2,S2C_MSIL2A_20250629T144751_R139_T20QMF_20250629T174615,Sentinel-2C,1.68,21327,0.0021,0.0619,21281,16,365,1.0,0,225,7,0.0158
coralita_orient_bay,Coralita to Orient Bay (French Saint-Martin),2025-06-29,observed,0.0266,0.002479,13800.0,3744.4,5557.3,7,S2C_MSIL2A_20250629T144751_R139_T20QMF_20250629T174615,Sentinel-2C,1.68,27625,0.0266,0.0471,26884,104,312,1.0,0,233,68,0.0158
oyster_pond_guana,Oyster Pond to Guana Bay Point,2025-07-01,blind,0.9984,0.0,0.0,0.0,3483.0,0,S2A_MSIL2A_20250701T144751_R139_T20QMF_20250701T193115,Sentinel-2A,45.56,19976,0.9984,0.7812,32,0,0,0.0,0,0,0,0.9566
guana_point_blanche_bay,Guana Bay Point to Point Blanche Bay,2025-07-01,blind,0.976,0.0,0.0,0.0,3640.2,0,S2A_MSIL2A_20250701T144751_R139_T20QMF_20250701T193115,Sentinel-2A,45.56,21327,0.976,0.1288,520,0,0,0.0002,0,0,0,0.9566
coralita_orient_bay,Coralita to Orient Bay (French Saint-Martin),2025-07-01,blind,0.9193,0.0,0.0,0.0,5557.3,0,S2A_MSIL2A_20250701T144751_R139_T20QMF_20250701T193115,Sentinel-2A,45.56,27625,0.9193,0.0,2186,0,0,0.0002,0,0,0,0.9566
oyster_pond_guana,Oyster Pond to Guana Bay Point,2025-07-04,observed,0.0358,0.0,0.0,0.0,3483.0,0,S2B_MSIL2A_20250704T144739_R139_T20QMF_20250704T181505,Sentinel-2B,2.99,19976,0.0358,0.6458,19250,0,69,0.4737,0,24,0,0.0428
guana_point_blanche_bay,Guana Bay Point to Point Blanche Bay,2025-07-04,observed,0.0005,0.0,0.0,0.0,3640.2,0,S2B_MSIL2A_20250704T144739_R139_T20QMF_20250704T181505,Sentinel-2B,2.99,21327,0.0005,0.4691,21316,0,227,0.4737,0,245,0,0.0428
coralita_orient_bay,Coralita to Orient Bay (French Saint-Martin),2025-07-04,observed,0.0705,0.0,0.0,0.0,5557.3,0,S2B_MSIL2A_20250704T144739_R139_T20QMF_20250704T181505,Sentinel-2B,2.99,27625,0.0705,0.2784,25657,0,235,0.4471,0,305,0,0.0428
oyster_pond_guana,Oyster Pond to Guana Bay Point,2025-07-09,partial,0.2144,0.0,0.0,0.0,3483.0,0,S2C_MSIL2A_20250709T144751_R139_T20QMF_20250709T174118,Sentinel-2C,33.51,19976,0.2144,0.1066,15718,1,213,1.0,0,22,0,0.271
guana_point_blanche_bay,Guana Bay Point to Point Blanche Bay,2025-07-09,observed,0.0121,0.000855,3400.0,1548.7,3640.2,2,S2C_MSIL2A_20250709T144751_R139_T20QMF_20250709T174118,Sentinel-2C,33.51,21327,0.0121,0.0607,21064,20,446,1.0,0,280,1,0.271
coralita_orient_bay,Coralita to Orient Bay (French Saint-Martin),2025-07-09,partial,0.4559,0.0,0.0,0.0,5557.3,0,S2C_MSIL2A_20250709T144751_R139_T20QMF_20250709T174118,Sentinel-2C,33.51,27625,0.4559,0.0716,15034,2,50,1.0,0,101,0,0.271
oyster_pond_guana,Oyster Pond to Guana Bay Point,2025-07-11,partial,0.3147,0.0,0.0,0.0,3483.0,0,S2A_MSIL2A_20250711T144751_R139_T20QMF_20250711T214314,Sentinel-2A,38.43,19976,0.3147,0.4347,13754,0,163,0.4737,0,6,0,0.5349
guana_point_blanche_bay,Guana Bay Point to Point Blanche Bay,2025-07-11,partial,0.2553,0.0,0.0,0.0,3640.2,0,S2A_MSIL2A_20250711T144751_R139_T20QMF_20250711T214314,Sentinel-2A,38.43,21327,0.2553,0.2232,15884,0,222,0.4737,0,24,0,0.5349
coralita_orient_bay,Coralita to Orient Bay (French Saint-Martin),2025-07-11,blind,0.8678,0.0,0.0,0.0,5557.3,0,S2A_MSIL2A_20250711T144751_R139_T20QMF_20250711T214314,Sentinel-2A,38.43,27625,0.8678,0.2882,3674,0,124,0.4471,0,22,0,0.5349
oyster_pond_guana,Oyster Pond to Guana Bay Point,2025-07-14,observed,0.0082,0.001892,7700.0,2217.5,3483.0,6,S2B_MSIL2A_20250714T144739_R139_T20QMF_20250714T163215,Sentinel-2B,4.12,19976,0.0082,0.0806,19810,66,164,1.0,0,54,32,0.0062
guana_point_blanche_bay,Guana Bay Point to Point Blanche Bay,2025-07-14,observed,0.0084,0.001484,5900.0,971.2,3640.2,4,S2B_MSIL2A_20250714T144739_R139_T20QMF_20250714T163215,Sentinel-2B,4.12,21327,0.0084,0.073,21144,50,278,1.0,0,222,28,0.0062
coralita_orient_bay,Coralita to Orient Bay (French Saint-Martin),2025-07-14,observed,0.0016,0.009396,52300.0,4524.2,5557.3,13,S2B_MSIL2A_20250714T144739_R139_T20QMF_20250714T163215,Sentinel-2B,4.12,27625,0.0016,0.0381,27581,238,441,1.0,0,579,146,0.0062
oyster_pond_guana,Oyster Pond to Guana Bay Point,2025-07-19,observed,0.0432,0.00199,8100.0,1467.1,3483.0,5,S2C_MSIL2A_20250719T144751_R139_T20QMF_20250719T174213,Sentinel-2C,14.53,19976,0.0432,0.0608,19110,54,79,1.0,0,45,20,0.1089
guana_point_blanche_bay,Guana Bay Point to Point Blanche Bay,2025-07-19,observed,0.0401,0.003094,12300.0,2471.9,3640.2,5,S2C_MSIL2A_20250719T144751_R139_T20QMF_20250719T174213,Sentinel-2C,14.53,21327,0.0401,0.0226,20457,64,178,1.0,0,194,39,0.1089
coralita_orient_bay,Coralita to Orient Bay (French Saint-Martin),2025-07-19,observed,0.1835,0.001779,9900.0,2220.2,5557.3,4,S2C_MSIL2A_20250719T144751_R139_T20QMF_20250719T174213,Sentinel-2C,14.53,27625,0.1835,0.0231,22491,69,101,1.0,0,73,34,0.1089
oyster_pond_guana,Oyster Pond to Guana Bay Point,2025-07-21,observed,0.0019,0.0,0.0,0.0,3483.0,0,S2A_MSIL2A_20250721T144801_R139_T20QMF_20250721T210315,Sentinel-2A,19.32,19976,0.0019,0.0122,19938,6,86,1.0,0,7,1,0.0018
guana_point_blanche_bay,Guana Bay Point to Point Blanche Bay,2025-07-21,observed,0.0003,0.000755,3000.0,1673.5,3640.2,2,S2A_MSIL2A_20250721T144801_R139_T20QMF_20250721T210315,Sentinel-2A,19.32,21327,0.0003,0.017,21320,22,240,1.0,0,186,17,0.0018
coralita_orient_bay,Coralita to Orient Bay (French Saint-Martin),2025-07-21,observed,0.0025,0.00212,11800.0,3053.6,5557.3,4,S2A_MSIL2A_20250721T144801_R139_T20QMF_20250721T210315,Sentinel-2A,19.32,27625,0.0025,0.0193,27555,83,159,1.0,0,28,21,0.0018
oyster_pond_guana,Oyster Pond to Guana Bay Point,2025-07-24,observed,0.0067,0.0,0.0,0.0,3483.0,0,S2B_MSIL2A_20250724T144729_R139_T20QMF_20250724T163045,Sentinel-2B,27.19,19976,0.0067,0.0659,19840,4,154,1.0,0,3,2,0.1394
guana_point_blanche_bay,Guana Bay Point to Point Blanche Bay,2025-07-24,partial,0.3864,0.0,0.0,0.0,3640.2,0,S2B_MSIL2A_20250724T144729_R139_T20QMF_20250724T163045,Sentinel-2B,27.19,21327,0.3864,0.0657,13083,1,117,1.0,0,0,0,0.1394
coralita_orient_bay,Coralita to Orient Bay (French Saint-Martin),2025-07-24,observed,0.0153,7.2e-05,400.0,629.1,5557.3,1,S2B_MSIL2A_20250724T144729_R139_T20QMF_20250724T163045,Sentinel-2B,27.19,27625,0.0153,0.0205,27195,21,178,1.0,0,8,1,0.1394
oyster_pond_guana,Oyster Pond to Guana Bay Point,2025-07-29,observed,0.032,0.0,0.0,0.0,3483.0,0,S2C_MSIL2A_20250729T144751_R139_T20QMF_20250729T174315,Sentinel-2C,6.7,19976,0.032,0.0515,19334,0,50,0.4737,0,5,0,0.0161
guana_point_blanche_bay,Guana Bay Point to Point Blanche Bay,2025-07-29,observed,0.0006,0.0,0.0,0.0,3640.2,0,S2C_MSIL2A_20250729T144751_R139_T20QMF_20250729T174315,Sentinel-2C,6.7,21327,0.0006,0.0581,21313,0,101,0.7,0,68,0,0.0161
coralita_orient_bay,Coralita to Orient Bay (French Saint-Martin),2025-07-29,observed,0.0134,0.000647,3600.0,1371.7,5557.3,1,S2C_MSIL2A_20250729T144751_R139_T20QMF_20250729T174315,Sentinel-2C,6.7,27625,0.0134,0.0242,27252,15,59,1.0,0,10,3,0.0161
oyster_pond_guana,Oyster Pond to Guana Bay Point,2025-07-31,partial,0.2224,0.003759,15300.0,2292.2,3483.0,2,S2A_MSIL2A_20250731T144751_R139_T20QMF_20250731T184613,Sentinel-2A,9.07,19976,0.2224,0.0368,15526,83,82,1.0,0,11,11,0.2706
guana_point_blanche_bay,Guana Bay Point to Point Blanche Bay,2025-07-31,partial,0.4023,0.003665,14574.1,491.3,3640.2,1,S2A_MSIL2A_20250731T144751_R139_T20QMF_20250731T184613,Sentinel-2A,9.07,21327,0.4023,0.0627,12716,77,84,1.0,0,40,11,0.2706
coralita_orient_bay,Coralita to Orient Bay (French Saint-Martin),2025-07-31,observed,0.1442,0.000647,3600.0,2469.2,5557.3,2,S2A_MSIL2A_20250731T144751_R139_T20QMF_20250731T184613,Sentinel-2A,9.07,27625,0.1442,0.0126,23608,26,49,1.0,0,11,2,0.2706
oyster_pond_guana,Oyster Pond to Guana Bay Point,2025-08-03,observed,0.0805,0.000118,482.3,29.3,3483.0,1,S2B_MSIL2A_20250803T144729_R139_T20QMF_20250803T181856,Sentinel-2B,7.08,19976,0.0805,0.0527,18357,13,117,1.0,0,53,5,0.1725
guana_point_blanche_bay,Guana Bay Point to Point Blanche Bay,2025-08-03,observed,0.0008,0.000604,2400.0,1610.9,3640.2,1,S2B_MSIL2A_20250803T144729_R139_T20QMF_20250803T181856,Sentinel-2B,7.08,21327,0.0008,0.023,21310,18,208,1.0,0,212,15,0.1725
coralita_orient_bay,Coralita to Orient Bay (French Saint-Martin),2025-08-03,partial,0.3319,0.0,0.0,0.0,5557.3,0,S2B_MSIL2A_20250803T144729_R139_T20QMF_20250803T181856,Sentinel-2B,7.08,27625,0.3319,0.0654,18374,1,90,1.0,0,0,0,0.1725
oyster_pond_guana,Oyster Pond to Guana Bay Point,2025-08-08,observed,0.1458,0.0,0.0,0.0,3483.0,0,S2C_MSIL2A_20250808T144751_R139_T20QMF_20250808T180213,Sentinel-2C,8.02,19976,0.1458,0.0458,17036,2,40,1.0,0,2,0,0.0618
guana_point_blanche_bay,Guana Bay Point to Point Blanche Bay,2025-08-08,observed,0.0537,0.0,0.0,0.0,3640.2,0,S2C_MSIL2A_20250808T144751_R139_T20QMF_20250808T180213,Sentinel-2C,8.02,21327,0.0537,0.0774,20187,2,98,1.0,0,12,0,0.0618
coralita_orient_bay,Coralita to Orient Bay (French Saint-Martin),2025-08-08,observed,0.0289,0.001455,8100.0,2984.9,5557.3,4,S2C_MSIL2A_20250808T144751_R139_T20QMF_20250808T180213,Sentinel-2C,8.02,27625,0.0289,0.0078,26817,51,94,1.0,0,27,22,0.0618
oyster_pond_guana,Oyster Pond to Guana Bay Point,2025-08-10,observed,0.1438,0.002776,11300.0,1467.1,3483.0,5,S2A_MSIL2A_20250810T144751_R139_T20QMF_20250810T193114,Sentinel-2A,4.94,19976,0.1438,0.0861,17144,73,194,1.0,0,62,33,0.1054
guana_point_blanche_bay,Guana Bay Point to Point Blanche Bay,2025-08-10,observed,0.0542,0.007369,29300.0,3640.2,3640.2,8,S2A_MSIL2A_20250810T144751_R139_T20QMF_20250810T193114,Sentinel-2A,4.94,21327,0.0542,0.0545,20191,145,302,1.0,0,236,80,0.1054
coralita_orient_bay,Coralita to Orient Bay (French Saint-Martin),2025-08-10,observed,0.1371,0.001401,7800.0,2292.4,5557.3,2,S2A_MSIL2A_20250810T144751_R139_T20QMF_20250810T193114,Sentinel-2A,4.94,27625,0.1371,0.0693,23811,36,231,1.0,0,45,14,0.1054
oyster_pond_guana,Oyster Pond to Guana Bay Point,2025-08-13,observed,0.0004,0.0,0.0,0.0,3483.0,0,S2B_MSIL2A_20250813T144729_R139_T20QMF_20250813T162345,Sentinel-2B,1.57,19976,0.0004,0.3463,19968,0,31,0.4471,0,30,0,0.0009
guana_point_blanche_bay,Guana Bay Point to Point Blanche Bay,2025-08-13,observed,0.0,0.0,0.0,0.0,3640.2,0,S2B_MSIL2A_20250813T144729_R139_T20QMF_20250813T162345,Sentinel-2B,1.57,21327,0.0,0.3139,21327,0,201,0.6,0,199,0,0.0009
coralita_orient_bay,Coralita to Orient Bay (French Saint-Martin),2025-08-13,observed,0.0017,0.000539,3000.0,1765.6,5557.3,2,S2B_MSIL2A_20250813T144729_R139_T20QMF_20250813T162345,Sentinel-2B,1.57,27625,0.0017,0.2156,27578,24,100,1.0,0,60,10,0.0009
oyster_pond_guana,Oyster Pond to Guana Bay Point,2025-08-18,blind,0.7423,0.0,0.0,0.0,3483.0,0,S2C_MSIL2A_20250818T144751_R139_T20QMF_20250818T193214,Sentinel-2C,57.72,19976,0.7423,0.0082,5124,0,3,0.4471,0,0,0,0.5819
guana_point_blanche_bay,Guana Bay Point to Point Blanche Bay,2025-08-18,observed,0.0492,0.0,0.0,0.0,3640.2,0,S2C_MSIL2A_20250818T144751_R139_T20QMF_20250818T193214,Sentinel-2C,57.72,21327,0.0492,0.0079,20326,1,34,0.9,0,0,0,0.5819
coralita_orient_bay,Coralita to Orient Bay (French Saint-Martin),2025-08-18,blind,0.7907,0.0,0.0,0.0,5557.3,0,S2C_MSIL2A_20250818T144751_R139_T20QMF_20250818T193214,Sentinel-2C,57.72,27625,0.7907,0.0499,5769,0,13,0.0562,0,0,0,0.5819
oyster_pond_guana,Oyster Pond to Guana Bay Point,2025-08-20,observed,0.0002,0.0,0.0,0.0,3483.0,0,S2A_MSIL2A_20250820T144741_R139_T20QMF_20250820T184820,Sentinel-2A,3.31,19976,0.0002,0.0327,19972,4,42,1.0,0,0,0,0.0005
guana_point_blanche_bay,Guana Bay Point to Point Blanche Bay,2025-08-20,observed,0.0003,0.0,0.0,0.0,3640.2,0,S2A_MSIL2A_20250820T144741_R139_T20QMF_20250820T184820,Sentinel-2A,3.31,21327,0.0003,0.0533,21321,7,162,1.0,0,1,0,0.0005
coralita_orient_bay,Coralita to Orient Bay (French Saint-Martin),2025-08-20,observed,0.0007,0.00079,4400.0,2391.6,5557.3,2,S2A_MSIL2A_20250820T144741_R139_T20QMF_20250820T184820,Sentinel-2A,3.31,27625,0.0007,0.0122,27605,35,146,1.0,0,9,3,0.0005
oyster_pond_guana,Oyster Pond to Guana Bay Point,2025-08-23,blind,0.7524,0.0,0.0,0.0,3483.0,0,S2B_MSIL2A_20250823T144729_R139_T20QMF_20250823T181820,Sentinel-2B,59.56,19976,0.7524,1.0,4946,0,0,0.0001,0,0,0,0.6954
guana_point_blanche_bay,Guana Bay Point to Point Blanche Bay,2025-08-23,partial,0.3228,0.0,0.0,0.0,3640.2,0,S2B_MSIL2A_20250823T144729_R139_T20QMF_20250823T181820,Sentinel-2B,59.56,21327,0.3228,0.9889,14444,0,1,0.0562,0,0,0,0.6954
coralita_orient_bay,Coralita to Orient Bay (French Saint-Martin),2025-08-23,blind,1.0,0.0,0.0,0.0,5557.3,0,S2B_MSIL2A_20250823T144729_R139_T20QMF_20250823T181820,Sentinel-2B,59.56,27625,1.0,,0,0,0,,0,0,0,0.6954
oyster_pond_guana,Oyster Pond to Guana Bay Point,2025-08-28,blind,1.0,0.0,0.0,0.0,3483.0,0,S2C_MSIL2A_20250828T144751_R139_T20QMF_20250828T175318,Sentinel-2C,87.43,19976,1.0,,0,0,0,,0,0,0,1.0
guana_point_blanche_bay,Guana Bay Point to Point Blanche Bay,2025-08-28,blind,1.0,0.0,0.0,0.0,3640.2,0,S2C_MSIL2A_20250828T144751_R139_T20QMF_20250828T175318,Sentinel-2C,87.43,21327,1.0,,0,0,0,,0,0,0,1.0
coralita_orient_bay,Coralita to Orient Bay (French Saint-Martin),2025-08-28,blind,1.0,0.0,0.0,0.0,5557.3,0,S2C_MSIL2A_20250828T144751_R139_T20QMF_20250828T175318,Sentinel-2C,87.43,27625,1.0,,0,0,0,,0,0,0,1.0
oyster_pond_guana,Oyster Pond to Guana Bay Point,2025-08-30,observed,0.0,0.002751,11200.0,1644.7,3483.0,6,S2A_MSIL2A_20250830T144751_R139_T20QMF_20250830T193218,Sentinel-2A,4.77,19976,0.0,0.0155,19975,73,123,1.0,0,113,57,0.0254
guana_point_blanche_bay,Guana Bay Point to Point Blanche Bay,2025-08-30,observed,0.0,0.002867,11400.0,2516.6,3640.2,6,S2A_MSIL2A_20250830T144751_R139_T20QMF_20250830T193218,Sentinel-2A,4.77,21327,0.0,0.0229,21326,89,239,1.0,0,229,73,0.0254
coralita_orient_bay,Coralita to Orient Bay (French Saint-Martin),2025-08-30,observed,0.0587,0.002964,16500.0,2230.4,5557.3,2,S2A_MSIL2A_20250830T144751_R139_T20QMF_20250830T193218,Sentinel-2A,4.77,27625,0.0587,0.0173,26024,54,121,1.0,0,96,41,0.0254
